uri,track_name,artist_names,peak_rank,weeks_on_chart,danceability,energy,music_key,loudness,music_mode,speechiness,acousticness,tempo
spotify:track:02MWAaffLxlfxAUY7c5dvx,Heat Waves,Glass Animals,1,65,0.761,0.525,B,-6.9,Major,0.0944,0.44,80.87
spotify:track:5PjdY0CKGZdEuoNab3yDmX,STAY (with Justin Bieber),"The Kid LAROI, Justin Bieber",1,37,0.591,0.764,C#,-5.484,Major,0.0483,0.0383,169.928
spotify:track:3IAfUEeaXRX9s9UdKOJrFI,Envolver,Anitta,3,3,0.812,0.736,E,-5.421,Minor,0.0833,0.152,91.993
spotify:track:1HhNoOuqm1a5MXYEgAFl8o,Enemy (with JID) - from the series Arcane League of Legends,"Imagine Dragons, JID, Arcane, League of Legends",3,21,0.728,0.783,B,-4.424,Minor,0.266,0.237,77.011
spotify:track:4fouWK6XVHhzl78KzQ1UjL,abcdefu,GAYLE,1,19,0.695,0.54,E,-5.692,Major,0.0493,0.299,121.932
spotify:track:7rglLriMNBPAyuJOMGwi39,Cold Heart - PNAU Remix,"Elton John, Dua Lipa, PNAU",4,32,0.795,0.8,C#,-6.32,Major,0.0309,0.0354,116.032
spotify:track:1ri9ZUkBJVFUdgwzCnfcYs,MAMIII,"Becky G, KAROL G",5,6,0.843,0.7,E,-3.563,Minor,0.0803,0.0934,93.991
spotify:track:5Z9KJZvQzH6PFmb8SNkxuk,INDUSTRY BABY (feat. Jack Harlow),"Lil Nas X, Jack Harlow",2,35,0.741,0.691,A#,-7.395,Minor,0.0672,0.0221,150.087
spotify:track:6mmPpaltUZK7xjNlBPQQ0p,Desesperados,"Rauw Alejandro, Chencho Corleone",8,15,0.869,0.694,C#,-3.35,Minor,0.0783,0.356,90.02
spotify:track:50nfwKoDiSYg8zOCREWAm5,Shivers,Ed Sheeran,4,28,0.788,0.859,D,-2.724,Major,0.0856,0.281,141.02
spotify:track:6Uj1ctrBOjOas8xZXGqKk4,Woman,Doja Cat,6,37,0.824,0.764,F,-4.175,Minor,0.0854,0.0888,107.998
spotify:track:46IZ0fSY2mpAiktS3KOqds,Easy On Me,Adele,1,23,0.604,0.366,F,-7.519,Major,0.0282,0.578,141.981
spotify:track:6I3mqTwhRpn34SLVafSH7G,Ghost,Justin Bieber,11,27,0.601,0.741,D,-5.569,Major,0.0478,0.185,153.96
spotify:track:0QBzMgT7NIeoCYy3sJCof1,Bam Bam (feat. Ed Sheeran),"Camila Cabello, Ed Sheeran",13,3,0.756,0.697,G#,-6.377,Major,0.0401,0.182,94.996
spotify:track:58HvfVOeJY7lUuCqF0m3ly,MIDDLE OF THE NIGHT,Elley Duhé,14,13,0.41,0.611,E,-8.271,Minor,0.0467,0.0228,185.727
spotify:track:1O2pcBJGej0pmH2Y9XZMs6,Una Noche en Medellín,Cris Mj,16,4,0.87,0.548,A#,-5.253,Minor,0.077,0.0924,96.018
spotify:track:0e8nrvls4Qqv5Rfa2UhqmO,THATS WHAT I WANT,Lil Nas X,3,27,0.737,0.846,C#,-4.51,Minor,0.22,0.00614,87.981
spotify:track:3uUuGVFu1V7jTQL60S1r8z,Where Are You Now,"Lost Frequencies, Calum Scott",18,29,0.671,0.636,F#,-8.117,Minor,0.103,0.515,120.966
spotify:track:59CfNbkERJ3NoTXDvoURjj,Boyfriend,Dove Cameron,11,6,0.345,0.612,G,-6.543,Minor,0.0608,0.232,179.773
spotify:track:3rmo8F54jFF8OgYsqTxm5d,Bad Habits,Ed Sheeran,3,39,0.807,0.893,B,-3.745,Minor,0.0347,0.0451,126.011
spotify:track:1SOClUWhOi8vHZYMz3GluK,Infinity,Jaymes Young,11,21,0.671,0.673,B,-6.941,Minor,0.0444,0.148,121.963
spotify:track:2B4GHvToeLTOBB4QLzW3Ni,Pepas,Farruko,4,37,0.762,0.766,G,-3.955,Major,0.0343,0.00776,130.001
spotify:track:18asYwWugKjjsihZ0YvRxO,The Motto,"Tiësto, Ava Max",23,20,0.754,0.763,G,-4.627,Minor,0.0435,0.0301,117.953
spotify:track:4ZtFanR9U6ndgddUvNcjcG,good 4 u,Olivia Rodrigo,1,45,0.563,0.664,A,-5.044,Major,0.154,0.335,166.928
spotify:track:46HNZY1i7O6jwTA7Slo2PI,My Universe,"Coldplay, BTS",3,26,0.573,0.711,C#,-6.268,Minor,0.0406,0.0114,105.006
spotify:track:4SqWKzw0CbA05TGszDgMlc,I Love You So,The Walters,21,24,0.575,0.648,A#,-4.891,Major,0.0358,0.583,75.977
spotify:track:0VjIjW4GlUZAMYd2vXMi3b,Blinding Lights,The Weeknd,1,121,0.514,0.73,C#,-5.934,Major,0.0598,0.00146,171.005
spotify:track:4gzsuuZypVbxs0Af1LSZyB,Lo Siento BB:/ (with Bad Bunny & Julieta Venegas),"Tainy, Bad Bunny, Julieta Venegas",12,25,0.639,0.703,E,-6.33,Minor,0.0794,0.0889,169.888
spotify:track:7mFj0LlWtEJaEigguaWqYh,Sweetest Pie,"Megan Thee Stallion, Dua Lipa",17,2,0.814,0.628,G,-7.178,Major,0.221,0.167,123.977
spotify:track:2WL6GQzPuK9Nrpy9XwNEbz,Something In The Way,Nirvana,19,3,0.426,0.225,G#,-12.422,Major,0.0291,0.823,104.506
spotify:track:7jtQIBanIiJOMS6RyCx6jZ,Another Love,Tom Odell,31,50,0.442,0.538,E,-8.55,Minor,0.0451,0.717,122.758
spotify:track:20on25jryn53hWghthWWW3,Do It To It,"ACRAZE, Cherish",9,21,0.854,0.806,B,-8.262,Minor,0.0886,0.0209,124.927
spotify:track:2QjOHCTQ1Jl3zawyYOpxh6,Sweater Weather,The Neighbourhood,29,82,0.612,0.807,A#,-2.81,Major,0.0336,0.0495,124.053
spotify:track:2JPLbjOn0wPCngEot2STUS,Yonaguni,Bad Bunny,3,42,0.644,0.648,C#,-4.601,Major,0.118,0.276,179.951
spotify:track:3Vi5XqYrmQgOYBajMWSvCi,Need to Know,Doja Cat,6,41,0.664,0.609,C#,-6.509,Major,0.0707,0.304,130.041
spotify:track:2eAvDnpXP5W0cVtiI0PUxV,Dandelions,Ruth B.,35,32,0.609,0.692,C#,-2.958,Major,0.0259,0.0157,116.959
spotify:track:52xJxFP6TqMuO4Yt0eOkMz,We Don't Talk About Bruno,"Carolina Gaitán - La Gaita, Mauro Castillo, Adassa, Rhenzy Feliz, Diane Guerrero, Stephanie Beatriz, Encanto - Cast",8,13,0.577,0.45,C,-8.516,Minor,0.0834,0.357,205.863
spotify:track:3DarAbFujv6eYNliUTyqtz,Kiss Me More (feat. SZA),"Doja Cat, SZA",3,50,0.764,0.705,G#,-3.463,Major,0.0284,0.259,110.97
spotify:track:7BDHDiidJ8WV349p3HTxTV,MANIAC,Stray Kids,39,1,0.744,0.8,C#,-2.63,Major,0.266,0.181,89.925
spotify:track:3AVXwaOGCEL8cmBecfcsFJ,Light Switch,Charlie Puth,19,9,0.69,0.626,F#,-5.693,Major,0.306,0.105,184.009
spotify:track:5nujrmhLynf4yMoMtj8AQF,Levitating (feat. DaBaby),"Dua Lipa, DaBaby",4,77,0.702,0.825,F#,-3.787,Minor,0.0601,0.00883,102.977
spotify:track:5CZ40GBx1sQ9agT82CLQCT,traitor,Olivia Rodrigo,7,44,0.38,0.339,D#,-7.885,Major,0.0338,0.691,100.607
spotify:track:1oFAF1hdPOickyHgbuRjyX,Save Your Tears (Remix) (with Ariana Grande) - Bonus Track,"The Weeknd, Ariana Grande",5,48,0.65,0.825,C,-4.645,Major,0.0325,0.0215,118.091
spotify:track:70AYiGbc4mWZGEqiipBBDb,CANDY,ROSALÍA,44,1,0.638,0.49,E,-5.726,Minor,0.226,0.885,179.905
spotify:track:531KGXtBroSrOX9LVmiIgc,Starlight,Dave,45,3,0.954,0.367,E,-9.551,Minor,0.288,0.341,124.026
spotify:track:2K7xn816oNHJZ0aVqdQsha,Softcore,The Neighbourhood,35,11,0.575,0.568,A,-5.509,Minor,0.03,0.0484,93.986
spotify:track:1SC5rEoYDGUK4NfG82494W,MONTERO (Call Me By Your Name),Lil Nas X,1,52,0.593,0.503,G#,-6.725,Minor,0.22,0.293,178.781
spotify:track:5zNxUkUW9WiV5oyg6gh2wB,DANÇARINA,"PEDRO SAMPAIO, Mc Pedrinho",32,5,0.778,0.571,A,-4.776,Minor,0.0788,0.0423,134.999
spotify:track:7lQ8MOhq6IN2w8EYcFNSUk,Without Me,Eminem,31,26,0.908,0.669,G,-2.827,Major,0.0738,0.00286,112.238
spotify:track:6lX6l7OuA3qrnIRfdsr0dw,Medallo,"Blessd, Justin Quiles, Lenny Tavárez",48,18,0.787,0.7,E,-4.598,Minor,0.0768,0.568,90.02
spotify:track:1mWdTewIgB3gtBM3TOSFhB,Butter,BTS,2,44,0.759,0.459,G#,-5.187,Major,0.0948,0.00323,109.997
spotify:track:1ZdhOMWyFR8Iv9eylMGYg2,Mount Everest,Labrinth,36,7,0.494,0.428,C,-7.239,Minor,0.205,0.236,87.724
spotify:track:2rDZhKnPaPG054ExZ6nXUS,Jordan,Ryan Castro,53,4,0.796,0.68,A#,-5.555,Minor,0.37,0.0575,179.923
spotify:track:5QO79kh1waicV47BqGRL3g,Save Your Tears,The Weeknd,2,68,0.68,0.826,C,-5.487,Major,0.0309,0.0212,118.051
spotify:track:5wANPM4fQCJwkGd4rN57mH,drivers license,Olivia Rodrigo,1,63,0.561,0.431,A#,-8.81,Major,0.0578,0.768,143.875
spotify:track:6Y46tOTRhkBamosyuWa6YX,LA FAMA (with The Weeknd),"ROSALÍA, The Weeknd",32,15,0.766,0.295,C,-7.893,Minor,0.0464,0.947,136.016
spotify:track:58ge6dfP91o9oXMzq3XkIS,505,Arctic Monkeys,57,12,0.52,0.852,C,-5.866,Major,0.0543,0.00237,140.267
spotify:track:0Bv7O6fmZk3GrNQFYJaXPn,"Cayó La Noche (feat. Cruz Cafuné, Abhir Hathi, Bejo, EL IMA) [Remix]","La Pantera, Quevedo, Juseph, Abhir Hathi, Bejo, Cruz Cafuné, EL IMA",58,8,0.672,0.745,F,-5.269,Minor,0.3,0.438,173.974
spotify:track:4MzXwWMhyBbmu6hOcLVD49,DÁKITI,"Bad Bunny, Jhay Cortez",1,73,0.731,0.573,E,-10.059,Minor,0.0544,0.401,109.928
spotify:track:6ylDpki1VpIsc525KC1ojF,Tacones Rojos,Sebastian Yatra,45,18,0.746,0.844,B,-3.499,Minor,0.0359,0.062,123.014
spotify:track:3uwnnTQcHM1rDqSfA4gQNz,Cool for the Summer,Demi Lovato,61,1,0.583,0.61,F,-5.639,Minor,0.0382,0.00425,114.06
spotify:track:5TMLavqGRKNxgzMBrVpC9R,Mon Amour - Remix,"zzoilo, Aitana",34,29,0.748,0.761,D,-6.621,Major,0.102,0.122,116.041
spotify:track:0HqZX76SFLDz2aW8aiqi7G,Bones,Imagine Dragons,63,2,0.773,0.742,F,-3.678,Minor,0.046,0.0206,114.071
spotify:track:5gflgO9EPbIBf16n5TKnQS,Yo Voy (feat. Daddy Yankee),Zion & Lennox,63,5,0.808,0.697,A#,-5.899,Major,0.241,0.041,95.06
spotify:track:72jYQj3RgTR1DFLfibD71B,ARASAN DA,UZI,65,1,0.742,0.832,A#,-6.812,Major,0.156,0.425,105.978
spotify:track:4RVwu0g32PAqgUiJoXsdF8,Happier Than Ever,Billie Eilish,6,34,0.332,0.225,C,-8.697,Major,0.0348,0.767,81.055
spotify:track:0IuVhCflrQPMGRrOyoY5RW,she's all i wanna be,Tate McRae,38,7,0.614,0.644,D,-5.372,Minor,0.0426,0.0134,160.036
spotify:track:3XOalgusokruzA5ZBA2Qcb,pushin P (feat. Young Thug),"Gunna, Future, Young Thug",14,11,0.773,0.422,C#,-4.572,Minor,0.187,0.00783,77.502
spotify:track:3Wrjm47oTz2sjIgck11l5e,Beggin',Måneskin,1,42,0.714,0.8,B,-4.808,Minor,0.0504,0.127,134.002
spotify:track:2gQPv5jvVPqU2a9HhMNO1v,Toxic,BoyWithUke,23,23,0.594,0.612,G#,-6.627,Minor,0.363,0.835,179.629
spotify:track:2Xr1dTzJee307rmrkt8c0g,love nwantiti (ah ah ah),CKay,9,28,0.727,0.739,G#,-3.805,Major,0.0411,0.365,93.005
spotify:track:1Al4Z4K76RCKj31mExavs7,maybe (feat. Bring Me The Horizon),"Machine Gun Kelly, Bring Me The Horizon",72,1,0.522,0.922,F,-4.805,Minor,0.0616,0.000745,176.105
spotify:track:6UelLqGlWMcVH1E5c4H7lY,Watermelon Sugar,Harry Styles,4,123,0.548,0.816,C,-4.209,Major,0.0465,0.122,95.39
spotify:track:6Jrdb6CFOJEGaHjaa6c4WR,IDGAF (with blackbear),"BoyWithUke, blackbear",74,1,0.783,0.75,F,-5.762,Major,0.078,0.426,97.953
spotify:track:74WROFXsox6wkeUrEK2DS6,Chale,Eden Muñoz,75,3,0.551,0.436,G#,-8.029,Major,0.0428,0.395,188.651
spotify:track:3GZD6HmiNUhxXYf8Gch723,Lost,Frank Ocean,50,10,0.913,0.603,G#,-4.892,Major,0.226,0.0272,123.061
spotify:track:3i6sCTU7ENlnHpHvrHUitW,Sometimes,Juice WRLD,77,1,0.674,0.58,G#,-4.866,Major,0.0311,0.0609,121.987
spotify:track:2hHeGD57S0BcopfVcmehdl,Hati-Hati di Jalan,Tulus,45,3,0.643,0.436,F#,-11.322,Major,0.0357,0.702,71.969
spotify:track:3o9kpgkIcffx0iSwxhuNI2,Numb Little Bug,Em Beihold,69,8,0.742,0.527,G#,-6.892,Minor,0.0769,0.327,84.974
spotify:track:3yfqSUWxFvZELEM4PmlwIR,The Real Slim Shady,Eminem,51,42,0.949,0.661,F,-4.244,Minor,0.0572,0.0302,104.504
spotify:track:4r9jkMEnArtWGH2rL2FZl0,A Tu Merced,Bad Bunny,52,19,0.86,0.791,C,-4.784,Major,0.0568,0.169,92.023
spotify:track:2FYGZDfsAnNsrm1gVbyKnG,SAOKO,ROSALÍA,80,2,0.827,0.768,C,-5.702,Major,0.265,0.79,99.988
spotify:track:2vmfvSoZBFAt9hhRoEByLi,Volví,"Aventura, Bad Bunny",10,34,0.725,0.86,C#,-3.726,Major,0.182,0.422,175.896
spotify:track:00Blm7zeNqgYLPtW6zg8cj,One Right Now (with The Weeknd),"Post Malone, The Weeknd",9,20,0.687,0.781,C#,-4.806,Major,0.053,0.0361,97.014
spotify:track:3PfIrDoz19wz7qK7tYeu62,Don't Start Now,Dua Lipa,2,125,0.793,0.793,B,-4.521,Minor,0.083,0.0123,123.95
spotify:track:6HU7h9RYOaPRFeh0R3UeAr,deja vu,Olivia Rodrigo,3,51,0.442,0.612,D,-7.222,Major,0.112,0.584,180.917
spotify:track:3rdAz1fbUfZxYgaCviYhRo,Todo De Ti,Rauw Alejandro,2,44,0.78,0.719,D#,-3.613,Minor,0.0506,0.302,127.962
spotify:track:4iJyoBOLtHqaGxP12qzhQI,Peaches (feat. Daniel Caesar & Giveon),"Justin Bieber, Daniel Caesar, Giveon",1,53,0.677,0.696,C,-6.181,Major,0.119,0.321,90.03
spotify:track:3Kkjo3cT83cw09VJyrLNwX,Oh My God,Adele,3,18,0.534,0.725,C#,-3.906,Major,0.046,0.091,88.098
spotify:track:0oA9wBGDY4uyILLg4GymWP,Tom's Diner,"AnnenMayKantereit, Giant Rooks",90,1,0.68,0.428,F#,-8.107,Minor,0.135,0.376,98.222
spotify:track:1Y5Jvi3eLi4Chwqch9GMem,Super Gremlin,Kodak Black,45,15,0.825,0.414,D,-6.634,Major,0.144,0.00265,72.993
spotify:track:0pqnGHJpmpxLKifKRmU6WP,Believer,Imagine Dragons,16,268,0.776,0.78,A#,-4.374,Minor,0.128,0.0622,124.949
spotify:track:3yMC1KsTwh0ceXdIe4QQAQ,Fingers Crossed,Lauren Spencer Smith,17,11,0.56,0.473,F,-7.23,Major,0.0533,0.618,109.414
spotify:track:0RiRZpuVRbi7oqRdSMwhQY,Sunflower - Spider-Man: Into the Spider-Verse,"Post Malone, Swae Lee",1,179,0.755,0.522,D,-4.368,Major,0.0575,0.533,89.96
spotify:track:0sTlGEld0h8kIPZaKDYUf4,Notion,The Rare Occasions,67,11,0.309,0.883,A,-3.825,Major,0.0808,0.0673,159.488
spotify:track:37y7iDayfwm3WXn5BiAoRk,Dark Red,Steve Lacy,66,33,0.603,0.783,F#,-4.023,Major,0.062,0.449,172.041
spotify:track:2gpWyfu7eZ01zzncHpxOtA,Moth To A Flame (with The Weeknd),"Swedish House Mafia, The Weeknd",7,22,0.542,0.659,G#,-7.289,Major,0.0389,0.00279,120.122
spotify:track:5vUnjhBzRJJIAOJPde6zDx,TO THE MOON,"Jnr Choi, Sam Tompkins",55,11,0.745,0.65,D,-11.814,Major,0.346,0.0451,144.047
spotify:track:4srcMdbm2qzVG98tJajHxp,Pantysito,"Alejo, Feid, ROBI",99,1,0.83,0.739,G,-5.395,Minor,0.0627,0.136,97.993
spotify:track:5QDLhrAOJJdNAmCTJ8xMyW,Dynamite,BTS,2,83,0.746,0.765,F#,-4.41,Minor,0.0993,0.0112,114.044
spotify:track:503OTo2dSqe7qk76rgsbep,Still D.R.E.,"Dr. Dre, Snoop Dogg",29,6,0.816,0.775,B,-3.323,Major,0.234,0.16,93.431
spotify:track:1v7L65Lzy0j0vdpRjJewt1,"Lose Yourself - From ""8 Mile"" Soundtrack",Eminem,44,66,0.686,0.735,D,-4.616,Major,0.264,0.00921,171.355
spotify:track:0u2P5u6lvoDfwTYjAADbn4,lovely (with Khalid),"Billie Eilish, Khalid",24,205,0.351,0.296,E,-10.109,Minor,0.0333,0.934,115.284
spotify:track:76YSWx6L6FNsuaP6GWBb8P,All For Us,"Labrinth, Zendaya",43,11,0.46,0.66,D#,-6.642,Major,0.0652,0.0108,141.722
spotify:track:6LtHYDgYHRCHoKK3snfr2w,I’m Tired (with Zendaya) - Bonus Track,"Labrinth, Zendaya",29,4,0.375,0.133,C,-10.624,Minor,0.0352,0.651,131.721
spotify:track:2gpQi3hbcUAcEG8m2dlgfB,Plan A,Paulo Londra,106,1,0.583,0.834,C,-4.875,Major,0.0444,0.0495,173.935
spotify:track:7qEHsqek33rTcFNT9PFqLf,Someone You Loved,Lewis Capaldi,4,168,0.501,0.405,C#,-5.679,Major,0.0319,0.751,109.891
spotify:track:7hU3IHwjX150XLoTVmjD0q,MONEY,LISA,5,28,0.831,0.554,C#,-9.998,Minor,0.218,0.161,140.026
spotify:track:0k4d5YPDr1r7FX77VdqWez,You Right,"Doja Cat, The Weeknd",15,39,0.828,0.621,G#,-6.414,Major,0.0565,0.0164,128.986
spotify:track:2Gq636OOGgxCTqEuzCZhsa,"Tiago PZK: Bzrp Music Sessions, Vol. 48","Bizarrap, Tiago PZK",37,12,0.656,0.823,C#,-3.059,Minor,0.315,0.47,96.474
spotify:track:3AJwUDP919kvQ9QcozQPxg,Yellow,Coldplay,101,66,0.429,0.661,B,-7.227,Major,0.0281,0.00239,173.372
spotify:track:69vlMrzHwATKzupwNcUPyK,La Santa,"Bad Bunny, Daddy Yankee",14,23,0.744,0.868,C#,-4.524,Major,0.047,0.0326,93.037
spotify:track:62Yo3FDddWY8ydu6PW2wyz,Nail Tech,Jack Harlow,36,5,0.677,0.557,C#,-8.409,Major,0.0694,0.00508,150.127
spotify:track:0NBgyml7T0IvUNbXIkcSpH,Malvadão 3,"Xamã, Gustah, Neo Beats",33,13,0.821,0.609,F#,-6.541,Minor,0.268,0.378,133.133
spotify:track:68Dni7IE4VyPkTOH9mRWHr,No Role Modelz,J. Cole,113,35,0.69,0.521,A#,-8.492,Minor,0.339,0.324,100.028
spotify:track:5TXDeTFVRVY7Cvt0Dw4vWW,Revenge,XXXTENTACION,63,12,0.746,0.251,B,-16.169,Minor,0.259,0.782,139.999
spotify:track:6EtKlIQmGPB9SX8UjDJG5s,Formula,Labrinth,68,10,0.574,0.664,B,-6.068,Major,0.0409,0.0448,144.654
spotify:track:0dcnrLo8s1rhjm8euGjI4n,DARARI,TREASURE,102,4,0.716,0.638,C,-6.87,Major,0.0392,0.486,84.955
spotify:track:7EkWXAI1wn8Ii883ecd9xr,Freaks,Surf Curse,55,47,0.345,0.941,A,-9.918,Major,0.0466,3.84e-05,179.626
spotify:track:2BcMwX1MPV6ZHP4tUT9uq6,Knife Talk (with 21 Savage ft. Project Pat),"Drake, 21 Savage, Project Pat",10,29,0.849,0.424,F,-9.579,Minor,0.324,0.0635,145.887
spotify:track:78kygHp1dvW1kncYjBgbe1,Mujeriego,Ryan Castro,92,8,0.758,0.621,A,-8.033,Major,0.125,0.0628,79.949
spotify:track:1UdzJEpgJxtuXAlCOvD4S0,Fuera del mercado,Danny Ocean,122,1,0.453,0.673,G#,-5.649,Major,0.144,0.32,92.06
spotify:track:3sd2p4kE7xQmFH3lPnFl6h,sentaDONA (Remix) s2,"Davi Kneip, Mc Frog, Dj Gabriel do Borel, Luísa Sonza",123,1,0.925,0.454,D#,-3.533,Minor,0.273,0.252,135.02
spotify:track:0UXlu64mDLvfzR8IXMz06J,Ya No Somos Ni Seremos,Christian Nodal,37,5,0.588,0.452,G,-4.75,Major,0.0268,0.437,139.953
spotify:track:0G2zPzWqVjR68iNPmx2TBe,Volando - Remix,"Mora, Bad Bunny, Sech",19,37,0.659,0.688,F#,-4.649,Major,0.0673,0.207,153.979
spotify:track:2tpWsVSb9UEmDRxAl1zhX1,Counting Stars,OneRepublic,117,54,0.664,0.705,C#,-4.972,Minor,0.0382,0.0654,122.016
spotify:track:3GaGWoU1KfVqgl7vnRHP55,Demasiadas Mujeres,C. Tangana,127,3,0.658,0.453,A,-7.378,Minor,0.39,0.131,126.043
spotify:track:0gucTLf7trAf37Ua1uAyAu,Smells Like Teen Spirit,Nirvana,109,63,0.489,0.918,C#,-4.502,Major,0.0554,3.53e-05,116.731
spotify:track:2J2Z1SkXYghSajLibnQHOa,Unstoppable,Sia,112,6,0.468,0.779,A,-4.839,Major,0.0779,0.112,173.799
spotify:track:1u8c2t2Cy7UBoG4ArRcF5g,Blank Space,Taylor Swift,130,20,0.76,0.703,F,-5.412,Major,0.054,0.103,95.997
spotify:track:3Oww84xrmgjyr5J1ilOmAf,Down Under (feat. Colin Hay),"Luude, Colin Hay",72,10,0.308,0.86,B,-4.111,Minor,0.168,0.0116,171.835
spotify:track:5E30LdtzQTGqRvNd7l6kG5,Daddy Issues,The Neighbourhood,99,76,0.588,0.521,A#,-9.461,Major,0.0329,0.0678,85.012
spotify:track:5g7sDjBhZ4I3gcFIpkrLuI,Locked out of Heaven,Bruno Mars,111,12,0.728,0.697,F,-4.125,Major,0.0456,0.0556,143.986
spotify:track:4xkOaSrkexMciUUogZKVTS,'Till I Collapse,"Eminem, Nate Dogg",81,39,0.548,0.847,C#,-3.237,Major,0.186,0.0622,171.447
spotify:track:1nH2PkJL1XoUq8oE6tBZoU,Sacrifice,The Weeknd,3,11,0.735,0.795,B,-6.523,Minor,0.113,0.0296,122.0
spotify:track:1XGmzt0PVuFgQYYnV2It7A,Payphone,"Maroon 5, Wiz Khalifa",136,14,0.743,0.752,E,-4.813,Major,0.0414,0.0188,110.015
spotify:track:0fea68AdmYNygeTGI4RC18,LA CANCIÓN,"J Balvin, Bad Bunny",17,64,0.754,0.646,G,-5.795,Major,0.317,0.152,176.089
spotify:track:0y60itmpH0aPKsFiGxmtnh,Wait a Minute!,WILLOW,138,1,0.764,0.705,D#,-5.279,Minor,0.0278,0.0371,101.003
spotify:track:1ojBtNRMzjL7ptLPZCzfRz,Thinking with My Dick (feat. Juicy J),"Kevin Gates, Juicy J",128,2,0.77,0.699,C,-6.59,Major,0.199,0.0596,81.003
spotify:track:7qiZfU4dY1lWllzX7mPBI3,Shape of You,Ed Sheeran,1,269,0.825,0.652,C#,-3.183,Minor,0.0802,0.581,95.977
spotify:track:0ct6r3EGTcMLPtrXHDvVjc,The Nights,Avicii,44,54,0.527,0.835,F#,-5.298,Major,0.0433,0.0166,125.983
spotify:track:1DIXPcTDzTj8ZMHt3PDt8p,Gangsta's Paradise,"Coolio, L.V.",116,22,0.647,0.514,G#,-10.05,Major,0.0593,0.0655,79.975
spotify:track:6K5ph5mq1qprHae3TrgTj5,"Surface Pressure - From ""Encanto""/Soundtrack Version",Jessica Darrow,23,12,0.652,0.583,D,-8.302,Major,0.322,0.0165,180.042
spotify:track:7yq4Qj7cqayVTp3FF9CWbm,Riptide,Vance Joy,122,64,0.484,0.731,C#,-6.694,Major,0.0379,0.431,101.654
spotify:track:0W6I02J9xcqK8MtSeosEXb,Get Into It (Yuh),Doja Cat,36,34,0.912,0.655,G#,-6.029,Minor,0.162,0.315,91.942
spotify:track:6f5ExP43esnvdKPddwKXJH,Better Days (NEIKED x Mae Muller x Polo G),"NEIKED, Mae Muller, Polo G",32,23,0.717,0.671,C,-5.077,Minor,0.0337,0.0018,110.054
spotify:track:4u7EnebtmKWzUH433cf5Qv,Bohemian Rhapsody - Remastered 2011,Queen,11,182,0.414,0.404,C,-9.928,Minor,0.0499,0.271,71.105
spotify:track:48QmG1dfvMuYLxMPt7KSRA,No Lie,"Sean Paul, Dua Lipa",80,34,0.742,0.882,G,-2.862,Major,0.117,0.0466,102.04
spotify:track:7gVzhRCrLRUBEGdS7zNTp0,Malvada,Zé Felipe,58,7,0.894,0.859,F,-2.981,Minor,0.0471,0.159,134.947
spotify:track:0bI7K9Becu2dtXK1Q3cZNB,Don't Be Shy,"Tiësto, KAROL G",38,32,0.77,0.787,B,-3.748,Minor,0.0583,0.198,119.986
spotify:track:0tgVpDi06FyKpA1z0VMD4v,Perfect,Ed Sheeran,4,262,0.599,0.448,G#,-6.312,Major,0.0232,0.163,95.05
spotify:track:6hH6QJ9ZAO0Z6m7PfvLoXW,CHICKEN TERIYAKI,ROSALÍA,152,1,0.788,0.4,D,-6.454,Major,0.115,0.454,97.936
spotify:track:1zi7xx7UVEFkmKfv06H8x0,One Dance,"Drake, WizKid, Kyla",12,120,0.792,0.625,C#,-5.609,Major,0.0536,0.00776,103.967
spotify:track:2BEcap3xJtmiPaHKyfQi4e,Nostálgico,"Rvssian, Rauw Alejandro, Chris Brown",40,28,0.734,0.846,A,-3.425,Minor,0.0489,0.166,98.026
spotify:track:4jPy3l0RUwlUI9T5XHBW2m,Mood (feat. iann dior),"24kGoldn, iann dior",1,85,0.701,0.716,G,-3.671,Minor,0.0361,0.174,91.007
spotify:track:003vvx7Niy0yvhvHt4a68B,Mr. Brightside,The Killers,98,87,0.352,0.911,C#,-5.23,Major,0.0747,0.00121,148.033
spotify:track:4bV5sf2B4hWBBd5HQ8S7KB,Nobody Like U,"4*TOWN (From Disney and Pixar’s Turning Red), Jordan Fisher, Finneas O'Connell, Topher Ngo, Grayson Villanueva, Josh Levi",157,1,0.905,0.631,A,-10.06,Minor,0.177,0.129,105.026
spotify:track:5enxwA8aAbwZbf5qCHORXi,All Too Well (10 Minute Version) (Taylor's Version) (From The Vault),Taylor Swift,1,19,0.631,0.518,C,-8.771,Major,0.0303,0.274,93.023
spotify:track:21jGcNKet2qwijlDFuPiPb,Circles,Post Malone,1,134,0.695,0.762,C,-3.497,Major,0.0395,0.192,120.042
spotify:track:5kqNIqFjijuzvVLhuY9B8j,La Zona,Bad Bunny,60,7,0.762,0.801,C#,-3.661,Minor,0.0409,0.2,93.992
spotify:track:3dYD57lRAUcMHufyqn9GcI,Take Me To Church,Hozier,108,75,0.566,0.664,E,-5.303,Minor,0.0464,0.634,128.945
spotify:track:4xqrdfXkTW4T0RauPLv3WA,Heather,Conan Gray,12,87,0.357,0.425,F,-7.301,Major,0.0333,0.584,102.078
spotify:track:7iL6o9tox1zgHpKUfh9vuC,In Da Club,50 Cent,77,6,0.899,0.713,F#,-2.752,Minor,0.366,0.255,90.051
spotify:track:5719MEdRQcH4c3phXqX7WN,Mal Feito - Ao Vivo,"Hugo & Guilherme, Marília Mendonça",72,10,0.732,0.831,C,-3.791,Minor,0.0691,0.554,123.942
spotify:track:4UPQiDmYScn2C6S2C2WATY,Just a Cloud Away,Pharrell Williams,165,1,0.888,0.459,D,-8.154,Major,0.0357,0.426,112.56
spotify:track:4UG2Fm0E98LhE2dlNxiAXx,this is what falling in love feels like,JVKE,142,3,0.424,0.438,B,-5.53,Major,0.0553,0.617,128.983
spotify:track:2N8m6CYs74qQO4mjVcXO30,Dance Monkey,Tones And I,1,140,0.824,0.587,F#,-6.401,Minor,0.0937,0.69,98.029
spotify:track:2tGvwE8GcFKwNdAXMnlbfl,happier,Olivia Rodrigo,12,44,0.395,0.443,F#,-9.72,Major,0.133,0.765,168.924
spotify:track:2ZRo7axmMPeSVUvDbGkJah,Hope,XXXTENTACION,42,35,0.592,0.457,A,-6.081,Minor,0.0603,0.661,146.04
spotify:track:5W1qmxHrMlQGGAiFA3ZQqP,Se Le Ve,"Dímelo Flow, Dalex, Sech, Justin Quiles, Arcangel, De La Ghetto, Lenny Tavárez",110,12,0.562,0.755,G,-4.367,Minor,0.112,0.0967,83.997
spotify:track:07MDkzWARZaLEdKxo6yArG,Meet Me At Our Spot,"THE ANXIETY, WILLOW, Tyler Cole",24,29,0.773,0.47,D,-7.93,Major,0.0299,0.0153,94.995
spotify:track:0nrRP2bk19rLc0orkWPQk2,Wake Me Up,Avicii,13,68,0.532,0.783,D,-5.697,Major,0.0523,0.0038,124.08
spotify:track:2dG9k8jtnkjzJjUToz9i9i,"Residente: Bzrp Music Sessions, Vol. 49","Bizarrap, Residente",18,3,0.586,0.74,C#,-2.997,Minor,0.404,0.555,71.378
spotify:track:4gvrJnKCKIPiacNsWVQwEU,love nwantiti (feat. Dj Yo! & AX'EL) - Remix,"CKay, Dj Yo!, AX'EL",14,27,0.579,0.596,G#,-4.823,Major,0.0561,0.436,119.9
spotify:track:3vySEUpD0tc801F2WZDLYw,Freaky Deaky,"Tyga, Doja Cat",83,4,0.799,0.653,D,-5.453,Minor,0.037,0.019,104.019
spotify:track:29m79w9xPMH4YCD6r8JSmV,Excuses,"AP Dhillon, Gurinder Gill, Intense",56,10,0.837,0.717,F,-7.749,Minor,0.0822,0.0842,94.984
spotify:track:48q0vSHcJdhK3IiXH8C5WJ,Why'd You Only Call Me When You're High?,Arctic Monkeys,104,33,0.691,0.631,D,-6.478,Major,0.0368,0.0483,92.004
spotify:track:285pBltuF7vW8TeWk8hdRR,Lucid Dreams,Juice WRLD,3,194,0.511,0.566,F#,-7.23,Minor,0.2,0.349,83.903
spotify:track:2vXKRlJBXyOcvZYTdNeckS,Lost in the Fire (feat. The Weeknd),"Gesaffelstein, The Weeknd",12,21,0.658,0.671,D,-12.21,Major,0.0363,0.0933,100.966
spotify:track:4kXxEhuatrvwrTQycA7s9B,BIZCOCHITO,ROSALÍA,180,1,0.93,0.774,C#,-4.203,Major,0.0744,0.605,116.972
spotify:track:7FIWs0pqAYbP91WWM0vlTQ,Godzilla (feat. Juice WRLD),"Eminem, Juice WRLD",4,76,0.808,0.745,A#,-5.26,Minor,0.342,0.145,165.995
spotify:track:22skzmqfdWrjJylampe0kt,Can't Hold Us (feat. Ray Dalton),"Macklemore & Ryan Lewis, Macklemore, Ryan Lewis, Ray Dalton",149,22,0.633,0.927,D,-4.468,Major,0.0839,0.0267,146.097
spotify:track:35mvY5S1H3J2QZyna3TFe0,positions,Ariana Grande,1,74,0.737,0.802,C,-4.771,Major,0.0878,0.468,144.015
spotify:track:7BbaIYAdi3pg4MGl6PHwPv,Monëy so big,Yeat,184,3,0.693,0.575,D,-7.633,Major,0.0906,0.121,138.016
spotify:track:161DnLWsx1i3u1JT05lzqU,Talking to the Moon,Bruno Mars,45,50,0.498,0.59,C#,-4.721,Minor,0.032,0.511,145.867
spotify:track:4kroNlz8BTfswE4M0i3YCh,HENTAI,ROSALÍA,186,1,0.583,0.297,G,-11.273,Minor,0.406,0.879,124.279
spotify:track:5lAnYvAIkSDNXqfo7DyFUm,Ain't Shit,Doja Cat,22,21,0.855,0.488,D#,-4.601,Major,0.208,0.506,124.097
spotify:track:02VBYrHfVwfEWXk5DXyf0T,Leave The Door Open,"Bruno Mars, Anderson .Paak, Silk Sonic",5,55,0.586,0.616,F,-7.964,Major,0.0324,0.182,148.088
spotify:track:0IGUXY4JbK18bu9oD4mPIm,TOMBOY,(G)I-DLE,189,1,0.755,0.87,C#,-2.414,Minor,0.0936,0.00988,124.032
spotify:track:6RUKPb4LETWmmr3iAEQktW,Something Just Like This,"The Chainsmokers, Coldplay",2,172,0.617,0.635,B,-6.769,Minor,0.0317,0.0498,103.019
spotify:track:2USlegnFJLrVLpoVfPimKB,Thunder,"Gabry Ponte, LUM!X, Prezioso",110,16,0.67,0.896,C#,-4.673,Major,0.058,0.0342,101.216
spotify:track:39LLxExYz6ewLAcYrzQQyP,Levitating,Dua Lipa,52,38,0.695,0.884,F#,-2.278,Minor,0.0753,0.0561,103.014
spotify:track:3rq5w4bQGigXOfdN30ATJt,Do I Wanna Know?,Arctic Monkeys,117,34,0.548,0.532,F,-7.596,Major,0.0323,0.186,85.03
spotify:track:53RxHysDJ0cjugMcPymwja,ABALO EMOCIONAL - Ao Vivo,Luan Santana,194,1,0.441,0.915,D#,-4.096,Minor,0.112,0.306,185.936
spotify:track:6v3KW9xbzN5yKLt9YKDYA2,Señorita,"Shawn Mendes, Camila Cabello",1,138,0.759,0.548,A,-6.049,Minor,0.029,0.0392,116.967
spotify:track:3UmaczJpikHgJFyBTAJVoz,Stan,"Eminem, Dido",138,6,0.78,0.768,F#,-4.325,Minor,0.238,0.0371,80.063
spotify:track:2gMXnyrvIjhVBUZwvLZDMP,Before You Go,Lewis Capaldi,19,122,0.459,0.575,D#,-4.858,Major,0.0573,0.604,111.881
spotify:track:7H0ya83CMmgFcOhw0UB6ow,Space Song,Beach House,174,10,0.508,0.792,C,-7.311,Minor,0.0297,0.229,147.067
spotify:track:5uCax9HTNlzGybIStD3vDh,Say You Won't Let Go,James Arthur,7,268,0.358,0.557,A#,-7.398,Major,0.059,0.695,85.043
spotify:track:60ynsPSSKe6O3sfwRnIBRf,Streets,Doja Cat,9,45,0.749,0.463,B,-8.433,Major,0.0842,0.21,90.035
spotify:track:2tTmW7RDtMQtBk7m2rYeSw,"Quevedo: Bzrp Music Sessions, Vol. 52","Bizarrap, Quevedo",1,5,0.621,0.782,D,-5.548,Major,0.044,0.0125,128.033
spotify:track:4Dvkj6JhhA12EX05fT7y2e,As It Was,Harry Styles,1,19,0.52,0.731,F#,-5.338,Minor,0.0557,0.342,173.93
spotify:track:6Sq7ltF9Qa7SNFBsV5Cogx,Me Porto Bonito,"Bad Bunny, Chencho Corleone",2,14,0.911,0.712,C#,-5.105,Minor,0.0817,0.0901,92.005
spotify:track:1IHWl5LamUGEuP4ozKQSXZ,Tití Me Preguntó,Bad Bunny,4,14,0.65,0.715,F,-5.198,Minor,0.253,0.0993,106.672
spotify:track:75FEaRjZTKLhTrFGsfMUXR,Running Up That Hill (A Deal With God),Kate Bush,1,11,0.629,0.547,A#,-13.123,Minor,0.055,0.72,108.375
spotify:track:5ildQOEKmJuWGl2vRkFdYc,DESPECHÁ,ROSALÍA,6,2,0.919,0.623,G,-6.521,Major,0.0992,0.184,130.037
spotify:track:5Eax0qFko2dh7Rl2lYs3bx,Efecto,Bad Bunny,7,14,0.801,0.475,G,-8.797,Minor,0.0516,0.141,98.047
spotify:track:6xGruZOHLs39ZbVccQTuPZ,Glimpse of Us,Joji,1,9,0.44,0.317,G#,-9.258,Major,0.0531,0.891,169.914
spotify:track:3k3NWokhRRkEPhCzPmV8TW,Ojitos Lindos,"Bad Bunny, Bomba Estéreo",3,14,0.647,0.686,D#,-5.745,Minor,0.0413,0.08,79.928
spotify:track:4k6Uh1HXdhtusDW5y8Gbvy,Bad Habit,Steve Lacy,10,5,0.686,0.494,C#,-7.093,Major,0.0355,0.613,168.946
spotify:track:6Xom58OOXk2SoU711L2IXO,Moscow Mule,Bad Bunny,2,14,0.804,0.674,F,-5.453,Minor,0.0333,0.294,99.968
spotify:track:5ww2BF9slyYgNOk37BlC4u,La Bachata,Manuel Turizo,13,6,0.835,0.679,G,-5.329,Minor,0.0364,0.583,124.98
spotify:track:7dSZ6zGTQx66c2GF91xCrb,PROVENZA,KAROL G,6,16,0.87,0.516,C#,-8.006,Major,0.0541,0.656,111.005
spotify:track:0xzI1KAr0Yd9tv8jlIk3sn,Bad Decisions (with BTS & Snoop Dogg),"benny blanco, BTS, Snoop Dogg",15,1,0.762,0.861,C,-3.296,Major,0.0955,0.0185,120.048
spotify:track:4h9wh7iOZ0GGn8QVp4RAOB,I Ain't Worried,OneRepublic,13,10,0.704,0.797,C,-5.927,Major,0.0475,0.0826,139.994
spotify:track:0mBP9X2gPCuapvpZ7TGDk3,Left and Right (Feat. Jung Kook of BTS),"Charlie Puth, Jung Kook, BTS",7,7,0.881,0.592,D,-4.898,Major,0.0324,0.619,101.058
spotify:track:3LtpKP5abr2qqjunvjlX5i,Doja,Central Cee,15,3,0.911,0.573,F#,-7.43,Major,0.288,0.38,140.04
spotify:track:5pyoxDZ1PX0KxBxiRVxA4U,BREAK MY SOUL,Beyoncé,12,8,0.693,0.887,C#,-5.039,Minor,0.0795,0.0581,114.942
spotify:track:6HMtHNpW6YPi1hrw9tgF8P,About Damn Time,Lizzo,9,15,0.836,0.743,A#,-6.305,Minor,0.0653,0.0974,108.965
spotify:track:0g2Bbgy7P41pFjMWJuzsf4,STAYING ALIVE (feat. Drake & Lil Baby),"DJ Khaled, Drake, Lil Baby",21,1,0.718,0.461,E,-7.676,Minor,0.0797,0.068,129.953
spotify:track:41oY4WCTj5kccfesTVFnvN,Tarot,"Bad Bunny, Jhay Cortez",9,14,0.795,0.684,B,-3.971,Minor,0.0419,0.0225,114.011
spotify:track:2rurDawMfoKP4uHyb2kJBt,Te Felicito,"Shakira, Rauw Alejandro",13,16,0.695,0.636,F,-4.654,Major,0.317,0.234,174.14
spotify:track:76OGwb5RA9h4FxQPT33ekc,SNAP,Rosa Linn,26,5,0.565,0.636,C,-8.198,Major,0.0638,0.107,170.01
spotify:track:1qEmFfgcLObUfQm0j1W2CK,Late Night Talking,Harry Styles,2,12,0.714,0.728,A#,-4.595,Major,0.0468,0.298,114.996
spotify:track:4tYFy8ALRjIZvnvSLw5lxN,Party,"Bad Bunny, Rauw Alejandro",6,14,0.829,0.799,A,-5.389,Major,0.0897,0.0151,97.013
spotify:track:0O6u0VJ46W86TxN9wgyqDj,I Like You (A Happier Song) (with Doja Cat),"Post Malone, Doja Cat",10,10,0.733,0.67,F,-6.009,Major,0.0751,0.121,100.964
spotify:track:3F5CgOj3wFlRv51JsHbxhe,Jimmy Cooks (feat. 21 Savage),"Drake, 21 Savage",7,8,0.529,0.673,C,-4.711,Major,0.175,0.000307,165.921
spotify:track:5IgjP7X4th6nMNDh4akUHb,Under The Influence,Chris Brown,32,3,0.733,0.69,A,-5.529,Minor,0.0427,0.0635,116.992
spotify:track:4h4QlmocP3IuwYEj2j14p8,Sunroof,"Nicky Youre, dazy",28,14,0.768,0.714,A#,-5.11,Major,0.0401,0.352,131.443
spotify:track:4zN21mbAuaD0WqtmaTZZeP,Ferrari,"James Hype, Miggy Dela Rosa",36,10,0.847,0.69,C#,-7.877,Minor,0.0493,0.0127,125.004
spotify:track:1797zYiX4cKosMH836X9Gt,La Corriente,"Bad Bunny, Tony Dize",17,14,0.663,0.786,B,-3.51,Minor,0.195,0.229,196.12
spotify:track:7ef4DlsgrMEH11cDZd32M6,One Kiss (with Dua Lipa),"Calvin Harris, Dua Lipa",2,83,0.791,0.862,A,-3.24,Minor,0.11,0.037,123.994
spotify:track:0hquQWY3xvYqN4qtiquniF,Vegas (From the Original Motion Picture Soundtrack ELVIS),Doja Cat,26,10,0.801,0.601,G#,-7.574,Minor,0.255,0.0777,159.969
spotify:track:2LBqCSwhJGcFQeTHMVGwy3,Die For You,The Weeknd,41,26,0.586,0.525,C#,-7.163,Minor,0.0615,0.111,133.629
spotify:track:0T5iIrXA4p5GsubkhuBIKV,Until I Found You,Stephen Sanchez,30,14,0.539,0.508,A#,-6.05,Major,0.0288,0.727,101.358
spotify:track:0wHFktze2PHC5jDt3B17DC,First Class,Jack Harlow,2,18,0.902,0.582,F,-5.902,Minor,0.109,0.111,107.005
spotify:track:6VBhH7CyP56BXjp8VsDFPZ,"Kesariya (From ""Brahmastra"")","Pritam, Arijit Singh, Amitabh Bhattacharya",33,4,0.577,0.574,C,-6.525,Major,0.0278,0.572,94.009
spotify:track:1dm6z1fWB0cErMszU25dy2,Después de la Playa,Bad Bunny,7,14,0.564,0.903,F,-3.221,Major,0.307,0.356,78.293
spotify:track:3fjN3y5x4hN53rykAN2LHQ,cómo dormiste?,Rels B,53,1,0.627,0.429,C#,-8.255,Major,0.234,0.238,126.426
spotify:track:4hceSKjrkDTO0nMKFcb3sj,"Villano Antillano: Bzrp Music Sessions, Vol. 51","Bizarrap, Villano Antillano",45,9,0.82,0.752,C#,-7.635,Minor,0.0648,0.0584,127.999
spotify:track:6DoL1yYIwEW7VZMRaJhoJI,La Llevo Al Cielo (Ft. Ñengo Flow),"Chris Jedi, Anuel AA, Chencho Corleone, Ñengo Flow",53,12,0.795,0.845,A,-3.809,Minor,0.135,0.105,170.023
spotify:track:1Hohk6AufHZOrrhMXZppax,ALIEN SUPERSTAR,Beyoncé,24,2,0.545,0.641,A#,-6.398,Minor,0.0998,0.00453,121.892
spotify:track:59nOXPmaKlBfGMDeOVGrIK,WAIT FOR U (feat. Drake & Tems),"Future, Drake, Tems",10,15,0.463,0.642,C#,-4.474,Major,0.34,0.314,83.389
spotify:track:5CzixCxDkRXX9mScCmah8O,Un Ratito,Bad Bunny,10,14,0.787,0.546,C,-7.094,Minor,0.0532,0.305,93.05
spotify:track:2bbwjxA68m9PHZFWgF1fze,GIVENCHY,Duki,25,3,0.607,0.619,G#,-6.726,Major,0.396,0.142,102.974
spotify:track:31i56LZnwE6uSu3exoHjtB,Neverita,Bad Bunny,15,14,0.876,0.498,A#,-7.511,Major,0.0478,0.0706,122.016
spotify:track:09mEdoA6zrmBPgTEN5qXmN,Call Out My Name,The Weeknd,1,42,0.461,0.593,C#,-4.954,Major,0.0356,0.17,134.17
spotify:track:3hUxzQpSfdDqwM3ZTFQY0K,august,Taylor Swift,11,7,0.532,0.623,F,-9.208,Major,0.0331,0.538,89.937
spotify:track:2z9YkcLojiOE7Eu2p9lPZR,Normal,Feid,57,5,0.712,0.557,E,-4.861,Minor,0.115,0.0397,170.079
spotify:track:1xzi1Jcr7mEi9K2RfzLOqS,CUFF IT,Beyoncé,30,2,0.78,0.689,G,-5.668,Major,0.141,0.0368,115.042
spotify:track:1cKHdTo9u0ZymJdPGSh6nq,I Was Never There,"The Weeknd, Gesaffelstein",17,10,0.323,0.737,A#,-4.008,Major,0.0338,0.142,113.26
spotify:track:6wtZPYBIXUvCpXwVjMCJBf,ULTRA SOLO REMIX,"Polimá Westcoast, Pailita, Feid, Paloma Mami, De La Ghetto",44,8,0.909,0.824,C#,-4.627,Major,0.0797,0.0777,109.97
spotify:track:4cacyP5c3PMlfnyjpg13xW,Betty (Get Money),Yung Gravy,78,5,0.723,0.772,C#,-6.784,Major,0.0792,0.00524,102.004
spotify:track:7gwT3HGL84vF7bgtwL1N88,Ojos Marrones,Lasso,72,6,0.809,0.649,G#,-4.433,Minor,0.0416,0.0407,120.014
spotify:track:2MuWTIM3b0YEAskbeeFE1i,Master Of Puppets,Metallica,20,6,0.543,0.836,E,-9.11,Minor,0.0353,0.000647,105.173
spotify:track:7MXVkk9YMctZqd1Srtv4MB,Starboy,"The Weeknd, Daft Punk",1,97,0.679,0.587,G,-7.015,Major,0.276,0.141,186.003
spotify:track:44XjoNvtwevktFKjvVe1vH,Andrea,"Bad Bunny, Buscabulla",21,14,0.797,0.616,C#,-10.229,Minor,0.375,0.762,103.071
spotify:track:6VrQTLzzuyGIYjUDe4kAZk,Un Coco,Bad Bunny,25,14,0.839,0.69,B,-4.464,Major,0.0615,0.207,151.991
spotify:track:02jLfqc9gMo8PkHEGHY3OT,Si Te La Encuentras Por Ahí,Feid,86,1,0.743,0.576,G#,-3.552,Minor,0.076,0.151,171.945
spotify:track:7fZBQnc0zXwVybgCIrQQil,Belly Dancer,"Imanbek, BYOR",77,11,0.845,0.797,C#,-4.984,Major,0.139,0.0582,121.985
spotify:track:5YbPxJwPfrj7uswNwoF1pJ,Last Last,Burna Boy,93,5,0.795,0.565,D#,-4.457,Minor,0.0948,0.131,87.925
spotify:track:4d4ZXH4dr5bYfgErHiZCX2,Dos Mil 16,Bad Bunny,19,14,0.817,0.67,C#,-6.534,Major,0.0506,0.123,130.058
spotify:track:6clzeGvi1CFioMOolbAOlX,"Stay With Me (with Justin Timberlake, Halsey & Pharrell)","Calvin Harris, Justin Timberlake, Halsey, Pharrell Williams",86,3,0.81,0.733,A,-6.338,Major,0.0444,0.276,125.975
spotify:track:7a8GawTVgHZvBLQOh46he7,I Wanna Be Yours,Arctic Monkeys,103,5,0.464,0.417,C,-9.345,Minor,0.0256,0.136,67.528
spotify:track:4RvWPyQ5RL0ao9LPZeSouE,Everybody Wants To Rule The World,Tears For Fears,105,10,0.645,0.795,G,-12.095,Major,0.0527,0.347,112.067
spotify:track:1R0a2iXumgCiFb7HEZ7gUE,Don’t Blame Me,Taylor Swift,72,13,0.615,0.534,A,-6.719,Minor,0.0386,0.106,135.917
spotify:track:62ke5zFUJN6RvtXZgVH0F8,Only Love Can Hurt Like This,Paloma Faith,93,12,0.566,0.885,G#,-4.528,Major,0.0818,0.0958,90.99
spotify:track:1JSTJqkT5qHq8MDJnJbRE1,Every Breath You Take,The Police,109,61,0.82,0.452,C#,-9.796,Major,0.0348,0.543,117.401
spotify:track:1ei3hzQmrgealgRKFxIcWn,In The Stars,Benson Boone,54,15,0.362,0.54,A#,-6.031,Major,0.0528,0.338,78.007
spotify:track:0zCgWGmDF0aih5qexATyBn,After Dark,Mr.Kitty,112,17,0.579,0.601,G#,-10.492,Major,0.0322,0.0673,140.019
spotify:track:5kVZxyMY1gfdCLiChsfjn1,Yo No Soy Celoso,Bad Bunny,11,14,0.872,0.588,C,-6.276,Major,0.0492,0.275,142.004
spotify:track:5O2P9iiztwhomNh8xkR9lJ,Night Changes,One Direction,111,11,0.672,0.52,G#,-7.747,Major,0.0353,0.859,120.001
spotify:track:7fBv7CLKzipRk6EC6TWHOB,The Hills,The Weeknd,52,50,0.585,0.564,C,-7.063,Minor,0.0515,0.0671,113.003
spotify:track:3GYlZ7tbxLOxe6ewMNVTkw,TV,Billie Eilish,27,3,0.412,0.236,E,-15.159,Minor,0.0379,0.83,140.214
spotify:track:28GCbKgjlVD9eDmasGbe0T,Me Fui de Vacaciones,Bad Bunny,14,14,0.714,0.645,A#,-5.493,Major,0.0514,0.229,85.046
spotify:track:5jt25aFjW2kNoBqaEVaz5W,LA INOCENTE,"Mora, Feid",121,6,0.757,0.789,F,-3.46,Minor,0.0583,0.307,91.911
spotify:track:1FEiijYPJtyswChfcpv3p0,Summertime Sadness,Lana Del Rey,122,3,0.568,0.646,C#,-6.793,Minor,0.0332,0.0464,111.945
spotify:track:1Fid2jjqsHViMX6xNH70hE,Atlantis,Seafret,126,3,0.4,0.479,G#,-7.989,Minor,0.0308,0.0529,166.159
spotify:track:10xV5l9nhLvFpR8mqzs0bL,Numb,"Marshmello, Khalid",114,9,0.912,0.774,C,-4.673,Minor,0.0455,0.121,119.966
spotify:track:0OTNHGKcqQbk51bOYe462Y,ULTRA SOLO,"Polimá Westcoast, Pailita",42,16,0.802,0.846,C#,-4.495,Major,0.207,0.233,109.982
spotify:track:3BnDvpeuGOj21Ir2aVEtQo,Calm Down,Rema,130,5,0.814,0.789,B,-6.29,Major,0.0405,0.365,107.003
spotify:track:0oiv4E896TUTTeQU0cmIui,Massive,Drake,18,8,0.499,0.671,E,-6.774,Minor,0.0561,0.114,124.994
spotify:track:2uflssWlCaJ6CbTMOsUpNI,Aguacero,Bad Bunny,22,14,0.861,0.645,F#,-6.96,Minor,0.0743,0.423,121.391
spotify:track:5rJ7bdPmr8nfmm2JQ8xHOz,POP!,NAYEON,68,7,0.793,0.859,D,-2.998,Major,0.0544,0.0356,97.001
spotify:track:3AVrVz5rK8Hrqo9YGiVGN5,Apocalypse,Cigarettes After Sex,135,5,0.369,0.467,F,-9.018,Major,0.0274,0.0194,94.473
spotify:track:0E0DRHf5PfMeor0ZCwB3oT,Otro Atardecer,"Bad Bunny, The Marías",24,14,0.777,0.595,D,-6.79,Major,0.0375,0.59,108.02
spotify:track:4w273WCBXwM4P3jTX5HkB2,El Rescate,"Grupo Marca Registrada, Junior H",129,3,0.794,0.594,G,-8.698,Minor,0.139,0.283,99.238
spotify:track:7o2CTH4ctstm8TNelqjb51,Sweet Child O' Mine,Guns N' Roses,101,10,0.454,0.91,F#,-7.766,Major,0.0448,0.0866,125.116
spotify:track:71wFwRo8xGc4lrcyKwsvba,Callaita,"Bad Bunny, Tainy",7,67,0.608,0.626,D,-4.773,Major,0.301,0.597,176.086
spotify:track:3h8tI65xdfpQyTAy7Grqwa,Potion (with Dua Lipa & Young Thug),"Calvin Harris, Dua Lipa, Young Thug",26,10,0.824,0.697,B,-4.869,Minor,0.0473,0.158,99.987
spotify:track:1WCEAGGRD066z2Q89ObXTq,Crazy What Love Can Do,"David Guetta, Becky Hill, Ella Henderson",127,14,0.601,0.713,E,-3.758,Minor,0.0449,0.0282,122.872
spotify:track:40SBS57su9xLiE1WqkXOVr,Afraid To Feel,LF SYSTEM,150,5,0.578,0.912,C#,-3.929,Major,0.114,0.0166,127.87
spotify:track:1gH1h30wkQdd9zhY3j7a8T,THE SHADE,Rex Orange County,161,3,0.898,0.509,F,-7.973,Major,0.062,0.391,119.869
spotify:track:32vE1nuG8T9c8bhmZdRY6d,Cooped Up (with Roddy Ricch),"Post Malone, Roddy Ricch",18,13,0.669,0.773,C,-5.619,Major,0.153,0.038,93.923
spotify:track:5gDWsRxpJ2lZAffh5p7K0w,Stargirl Interlude,"The Weeknd, Lana Del Rey",168,4,0.715,0.47,F,-12.638,Minor,0.0772,0.353,89.965
spotify:track:0314PeD1sQNonfVWix3B2K,ENERGY (feat. Beam),"Beyoncé, BEAM",34,2,0.903,0.519,C#,-9.151,Major,0.26,0.281,114.991
spotify:track:6uvh0In7u1Xn4HgxOfAn8O,Matilda,Harry Styles,5,12,0.507,0.294,D,-10.0,Major,0.04,0.896,114.199
spotify:track:5LYMamLv12UPbemOaTPyeV,Music For a Sushi Restaurant,Harry Styles,6,12,0.72,0.715,B,-4.652,Major,0.04,0.258,107.041
spotify:track:2DgdHcjWmO3qd50RzuBLgZ,House of Memories,Panic! At The Disco,64,16,0.506,0.817,B,-5.051,Minor,0.0335,0.00272,109.952
spotify:track:2SwQShWjZsxoGviEyaEMOX,Nerdesin,Ezhel,164,3,0.816,0.696,G#,-6.75,Minor,0.153,0.201,100.004
spotify:track:3GdWfmQBiiJrDUvSZS1bGv,Never Sleep (with Lil Baby feat. Travis Scott),"NAV, Lil Baby, Travis Scott",101,2,0.819,0.651,C#,-5.829,Major,0.169,0.00639,139.957
spotify:track:7AwVSKaQxpidrtYBerkHKk,Pipoco,"Ana Castela, Melody, Dj Chris No Beat",100,4,0.774,0.742,G#,-4.178,Major,0.0766,0.473,134.991
spotify:track:48AJSd42lXpicsGqcgopof,X ÚLTIMA VEZ,"Daddy Yankee, Bad Bunny",18,20,0.812,0.855,G,-3.725,Major,0.0554,0.0789,90.04
spotify:track:7JJmb5XwzOO8jgpou264Ml,There's Nothing Holdin' Me Back,Shawn Mendes,5,72,0.866,0.813,B,-4.063,Minor,0.0554,0.38,121.998
spotify:track:2m6Ko3CY1qXNNja8AlugNc,Angel Baby,Troye Sivan,59,19,0.559,0.559,B,-6.425,Major,0.0358,0.0145,72.498
spotify:track:3HyR1j49TY5ACP2lseF1jx,SUMMER RENAISSANCE,Beyoncé,46,2,0.674,0.625,C#,-9.593,Major,0.0514,0.0843,120.004
spotify:track:1I4dwH7C0jBAEtz5DjlJgQ,Come Back Home,Sofia Carson,193,1,0.552,0.531,G,-7.732,Major,0.0421,0.241,144.946
spotify:track:10SRMwb9EuVS1K9rYsBfHQ,Yet To Come,BTS,7,8,0.559,0.885,C#,-4.515,Major,0.189,0.0432,172.029
spotify:track:5qaEfEh1AtSdrdrByCP7qR,Demons,Imagine Dragons,194,2,0.505,0.71,D#,-3.015,Major,0.0321,0.19,89.938
spotify:track:7lvDsmTRXFE3dK4OjvRiWB,Pasoori,"Shae Gill, Ali Sethi",109,16,0.714,0.596,B,-6.206,Minor,0.043,0.0657,91.991
spotify:track:4EWCNWgDS8707fNSZ1oaA5,Heartless,Kanye West,198,1,0.79,0.647,A#,-5.983,Minor,0.136,0.0515,87.999
spotify:track:1MpCaOeUWhox2Fgigbe1cL,I'M THAT GIRL,Beyoncé,33,1,0.554,0.535,F,-8.959,Minor,0.186,0.0616,105.865
spotify:track:2mqTtvbKxH7SoEQ2oGAnsA,CHURCH GIRL,Beyoncé,39,1,0.792,0.919,D,-5.688,Major,0.276,0.0381,92.028
spotify:track:0mKGwFMHzTprtS2vpR3b6s,COZY,Beyoncé,50,1,0.556,0.63,G,-8.15,Major,0.102,0.000828,149.147
spotify:track:0Fl4eWzVaMUOdXcOrj6F1q,VIRGO'S GROOVE,Beyoncé,77,1,0.683,0.85,B,-5.042,Minor,0.0699,0.0781,107.988
spotify:track:6ufcuVInt0ocHrUimDjGlb,PLASTIC OFF THE SOFA,Beyoncé,85,1,0.618,0.712,C#,-8.246,Major,0.114,0.14,97.057
spotify:track:1w7cgGZR86yWz1pA2puVJD,HEATED,Beyoncé,93,1,0.785,0.732,C#,-5.724,Major,0.164,0.0636,110.952
spotify:track:5YLGlPYkZBDXieMwzVve7g,MOVE (feat. Grace Jones & Tems),"Beyoncé, Grace Jones, Tems",96,1,0.876,0.628,C#,-6.595,Major,0.0935,0.0165,118.028
spotify:track:1LCm0lFnEsxR2oPqyHLGX9,THIQUE,Beyoncé,102,1,0.823,0.536,F,-10.123,Minor,0.319,0.0616,128.955
spotify:track:4DByEumlGTZKSzuVEZ35eo,PURE/HONEY,Beyoncé,114,1,0.857,0.558,C#,-7.888,Major,0.134,0.0122,123.973
spotify:track:3k4CoiIQXiNBrwrmbBMDxj,ALL UP IN YOUR MIND,Beyoncé,148,1,0.744,0.577,A,-7.228,Major,0.0631,0.0672,135.869
spotify:track:2XMAWynSTIst5KmLSv0Npf,AMERICA HAS A PROBLEM,Beyoncé,152,1,0.789,0.614,C#,-6.491,Major,0.0579,0.00348,126.035
spotify:track:7KWKWJnbGJ3Soag6Oopion,CACHORRINHAS,Luísa Sonza,109,2,0.709,0.696,G#,-4.837,Minor,0.275,0.16,98.119
spotify:track:5SHpuW2qjkQtFRpE6P9Nks,The 30th,Billie Eilish,64,2,0.387,0.135,G,-14.398,Major,0.051,0.929,82.987
spotify:track:5vC8UAOHeG95ehRzZChniB,Ai Preto,"L7NNON, DJ Biel do Furduncinho, Bianca",140,5,0.953,0.57,F#,-5.149,Major,0.245,0.537,129.947
spotify:track:1c2hJSwcCfoPEw1su83Sw0,Hold My Hand,Lady Gaga,110,10,0.53,0.612,G,-4.286,Major,0.0331,0.0403,148.009
spotify:track:760jhRscwGbIIe1m1IIQpU,Surface Pressure,Jessica Darrow,26,3,0.65,0.584,D,-8.286,Major,0.307,0.0174,180.088
spotify:track:2SLwbpExuoBDZBpjfefCtV,Out of Time,The Weeknd,10,2,0.65,0.76,C,-4.422,Minor,0.0446,0.255,93.057
spotify:track:6Ab81Bs9fcOwaTYuBsUUpI,Eazy,"The Game, Kanye West",35,1,0.716,0.551,C#,-6.987,Major,0.47,0.167,82.393
spotify:track:0mL82sxCRjrs3br407IdJh,Is There Someone Else?,The Weeknd,11,2,0.702,0.586,A,-7.83,Minor,0.0313,0.0388,134.951
spotify:track:4TGwERXRlyQtBdggYTHo6j,Entre Nosotros (Remix) [con Nicki Nicole],"Tiago PZK, LIT killah, Maria Becerra, Nicki Nicole",53,2,0.7,0.438,F,-5.784,Minor,0.0433,0.401,170.106
spotify:track:2KnLkZ3z7PO3kgVGHGqDpD,It'll Be Okay,Shawn Mendes,55,7,0.398,0.286,G,-11.881,Major,0.033,0.616,78.262
spotify:track:37BZB0z9T8Xu7U3e65qxFy,Save Your Tears (with Ariana Grande) (Remix),"The Weeknd, Ariana Grande",5,39,0.65,0.825,C,-4.645,Major,0.0325,0.0215,118.091
spotify:track:5dXWFMwD7I7zXsInONVl0H,I Hate U,SZA,19,7,0.535,0.388,G,-9.805,Minor,0.155,0.507,106.703
spotify:track:3nOz1U41SZZ0N3fuUWr9nb,I AM WOMAN,Emmy Meli,51,8,0.646,0.471,A#,-9.247,Major,0.157,0.122,170.084
spotify:track:3KyKxJ4P3pVCgaZwaq2rUC,Gasoline,The Weeknd,13,2,0.728,0.741,F#,-7.075,Minor,0.0473,0.000582,123.006
spotify:track:2Ghp894n1laIf2w98VeAOJ,How Do I Make You Love Me?,The Weeknd,14,2,0.805,0.498,G,-7.927,Minor,0.0737,0.0203,121.006
spotify:track:2D4dV2KXDTszzJ3p3cFqhA,Less Than Zero,The Weeknd,23,2,0.535,0.791,C,-5.55,Major,0.0327,0.00096,142.981
spotify:track:7sMBvZCSUl99bJLXZaLa0b,Smokin Out The Window,"Bruno Mars, Anderson .Paak, Silk Sonic",8,11,0.627,0.618,D,-8.529,Major,0.0437,0.0558,82.03
spotify:track:0lEjxUUlKqjqXrVlIHFduD,P power (feat. Drake),"Gunna, Drake",81,1,0.828,0.591,C#,-6.217,Major,0.109,0.0199,119.251
spotify:track:09gysnJpfQ3ublBmJDfcEC,SAD GIRLZ LUV MONEY Remix (feat. Kali Uchis and Moliy),"Amaarae, Kali Uchis, Moliy",23,12,0.87,0.523,C#,-8.052,Minor,0.0602,0.433,110.02
spotify:track:4b1yxSdlumA8N4fEk4UOZp,The Family Madrigal,"Stephanie Beatriz, Olga Merediz, Encanto - Cast",87,2,0.594,0.628,C#,-6.345,Major,0.359,0.12,141.391
spotify:track:0eu4C55hL6x29mmeAjytzC,Life Goes On,Oliver Tree,15,20,0.7,0.49,C,-5.187,Major,0.076,0.186,79.982
spotify:track:2vgUijXOTRMnWXDtvgMp2b,Take My Breath,The Weeknd,22,2,0.698,0.769,G#,-7.154,Major,0.0368,0.0128,121.02
spotify:track:1c4htMHiolERc0YJvZNdlc,Vai Lá Em Casa Hoje,"George Henrique & Rodrigo, Marília Mendonça",66,9,0.456,0.83,G#,-3.646,Minor,0.281,0.53,157.628
spotify:track:3XoYqtiWHhsk59frZupImG,What Else Can I Do?,"Diane Guerrero, Stephanie Beatriz",101,2,0.718,0.709,E,-5.568,Major,0.039,0.258,119.974
spotify:track:5rohUzwEoRsUvAA1Bf3DLo,Dos Oruguitas,Sebastian Yatra,104,2,0.423,0.355,C,-10.565,Major,0.0454,0.761,93.788
spotify:track:6nkoWsFZeFt5dUdNmlIceh,Bloqueado - Ao Vivo,Gusttavo Lima,106,4,0.828,0.721,C#,-4.274,Minor,0.0558,0.153,129.092
spotify:track:6P096SaOzrgGxs8NWOfX7M,Salimo de Noche,"Tiago PZK, Trueno",72,12,0.669,0.628,D,-4.177,Major,0.0526,0.294,83.803
spotify:track:3eJH2nAjvNXdmPfBkALiPZ,Acapulco,Jason Derulo,90,15,0.774,0.792,A#,-4.021,Major,0.0523,0.051,122.062
spotify:track:5Ts1DYOuouQLgzTaisxWYh,Love Grows (Where My Rosemary Goes),Edison Lighthouse,112,3,0.568,0.824,A,-4.613,Major,0.0299,0.403,108.625
spotify:track:7bp3zmEvpHLa0h32nhDUkB,L’enfer,Stromae,113,1,0.4,0.547,D,-8.381,Minor,0.177,0.33,177.595
spotify:track:1E5Xu8dur0fAjSP1VpVhAZ,Best Friends,The Weeknd,26,2,0.737,0.564,E,-7.045,Minor,0.105,0.436,90.0
spotify:track:4qsOrxBv09HhNSpsgMRXdC,Esqueça-Me Se For Capaz,"Marília Mendonça, Maiara & Maraisa",67,11,0.799,0.685,F#,-5.366,Minor,0.0725,0.276,122.013
spotify:track:1NhjYYcYTRywc0di98xHxf,"Here We Go… Again (feat. Tyler, the Creator)","The Weeknd, Tyler, The Creator",25,2,0.469,0.623,C#,-4.432,Major,0.0302,0.345,134.943
spotify:track:68HocO7fx9z0MgDU0ZPHro,Every Summertime,NIKI,124,2,0.628,0.676,F#,-4.227,Major,0.0424,0.393,78.996
spotify:track:6IAZHEBUIGJ6NJKxxOBIEr,Rolling in the Deep,Adele,36,16,0.73,0.769,G#,-5.114,Major,0.0298,0.138,104.948
spotify:track:4HzqWEdAbzcVFDv0pvxV4w,Sobrio,Maluma,41,28,0.762,0.77,F,-2.758,Major,0.223,0.138,177.998
spotify:track:6f3Slt0GbA2bPZlz0aIFXN,The Business,Tiësto,9,64,0.798,0.62,G#,-7.079,Minor,0.232,0.414,120.031
spotify:track:0yL7K9MzC20uBesZTPY81r,Pandora,"DJ Matt D, Menor MC, MC GP, Vulgo FK",129,3,0.688,0.458,C#,-9.138,Minor,0.588,0.14,124.553
spotify:track:4hJhHbkhZFnxmWbAkZRoe0,Peru,"Fireboy DML, Ed Sheeran",89,4,0.956,0.417,G,-7.892,Minor,0.0926,0.572,108.015
spotify:track:29TPjc8wxfz4XMn21O7VsZ,Sky,Playboi Carti,113,14,0.785,0.903,D,-4.184,Major,0.21,0.258,139.98
spotify:track:7n2FZQsaLb7ZRfRPfEeIvr,ELEVEN,IVE,103,7,0.828,0.731,A,-3.033,Major,0.111,0.0617,119.978
spotify:track:0k1WUmIRnG3xU6fvvDVfRG,Way 2 Sexy (with Future & Young Thug),"Drake, Future, Young Thug",5,20,0.803,0.597,B,-6.035,Minor,0.141,0.000619,136.008
spotify:track:1kjs5eR4DMzyB0gm1Z8waV,DANCE CRIP,Trueno,79,9,0.857,0.766,C,-3.699,Major,0.0978,0.108,106.024
spotify:track:3JCaq3KDSROg3TXhdiDa9n,Ley Seca,"Jhay Cortez, Anuel AA",44,20,0.759,0.842,G#,-3.758,Major,0.096,0.101,105.059
spotify:track:4pt5fDVTg5GhEvEtlz9dKk,I WANNA BE YOUR SLAVE,Måneskin,8,35,0.75,0.608,C#,-4.008,Major,0.0387,0.00165,132.507
spotify:track:5VTjBl3ddZEiG2LrH4VzyR,Toma Toma Vapo Vapo,"Zé Felipe, Mc Danny",75,8,0.763,0.859,E,-3.3,Minor,0.0479,0.322,164.055
spotify:track:0WSEq9Ko4kFPt8yo3ICd6T,Praise God,Kanye West,16,19,0.798,0.545,C#,-6.466,Major,0.168,0.00904,118.029
spotify:track:1FlL8ycld6uVDDyhV7P5FA,Cúrame,Rauw Alejandro,35,26,0.765,0.625,A,-3.599,Minor,0.0548,0.584,102.101
spotify:track:4cG7HUWYHBV6R6tHn1gxrl,Friday (feat. Mufasa & Hypeman) - Dopamine Re-Edit,"Riton, Nightcrawlers, Mufasa & Hypeman, Dopamine",15,48,0.824,0.862,D,-3.424,Major,0.126,0.0076,122.98
spotify:track:4XvcHTUfIlWfyJTRG0aqlo,2055,Sleepy Hallow,31,27,0.829,0.512,F#,-5.865,Minor,0.187,0.492,80.511
spotify:track:45bE4HXI0AwGZXfZtMp8JR,you broke me first,Tate McRae,13,78,0.667,0.373,E,-9.389,Major,0.05,0.785,124.148
spotify:track:5JCoSi02qi3jJeHdZXMmR8,favorite crime,Olivia Rodrigo,11,31,0.369,0.272,A,-10.497,Major,0.0364,0.866,172.929
spotify:track:2VxeLyX666F8uXCJ0dZF8B,Shallow,"Lady Gaga, Bradley Cooper",3,171,0.572,0.385,G,-6.362,Major,0.0308,0.371,95.799
spotify:track:6E90gq0KO6FYZVOXx8kCcC,Astronaut In The Ocean,Masked Wolf,3,53,0.778,0.695,E,-6.865,Minor,0.0913,0.175,149.996
spotify:track:05bfbizlM5AX6Mf1RRyMho,AM Remix,"Nio Garcia, J Balvin, Bad Bunny",14,30,0.743,0.655,F#,-5.015,Minor,0.159,0.114,172.031
spotify:track:3U4isOIWM3VvDubwSI3y7a,All of Me,John Legend,110,145,0.422,0.264,G#,-7.064,Major,0.0322,0.922,119.93
spotify:track:1qE8DOtw7zdXHMgZm20eLM,The Feels,TWICE,57,16,0.808,0.903,A,-2.179,Major,0.0729,0.0899,120.044
spotify:track:6Dy1jexKYriXAVG6evyUTJ,OUT OUT (feat. Charli XCX & Saweetie),"Joel Corry, Jax Jones, Charli XCX, Saweetie",42,21,0.787,0.833,G#,-4.403,Major,0.0478,0.018,123.97
spotify:track:5UlnuulVAVmmesw4VzqHdG,Enemy - From the series Arcane League of Legends,"Imagine Dragons, Arcane, League of Legends",171,3,0.722,0.745,G,-4.164,Major,0.256,0.247,77.029
spotify:track:04sN26COy28wTXYj3dMoiZ,Bored,Billie Eilish,51,16,0.614,0.318,G,-12.695,Major,0.0478,0.896,119.959
spotify:track:6D2TCm4nf5nxAcdGJ7w3QP,Qué Más Pues?,"J Balvin, Maria Becerra",9,34,0.903,0.817,G#,-3.972,Major,0.095,0.0272,102.014
spotify:track:1J14CdDAvBTE1AJYUOwl6C,Arcade,Duncan Laurence,23,52,0.453,0.35,A,-11.639,Minor,0.0425,0.827,72.017
spotify:track:3FAJ6O0NOHQV8Mc5Ri6ENp,Heartbreak Anniversary,Giveon,8,47,0.449,0.465,C,-8.964,Major,0.0791,0.524,89.087
spotify:track:5902W4uHWzhtOff1UK7the,When I’m Gone (with Katy Perry),"Alesso, Katy Perry",135,3,0.685,0.886,C,-4.179,Major,0.034,0.028,125.034
spotify:track:3QFInJAm9eyaho5vBzxInN,family ties (with Kendrick Lamar),"Baby Keem, Kendrick Lamar",30,20,0.711,0.611,C#,-5.453,Major,0.33,0.00588,134.093
spotify:track:32BeYxKPrig1LefHsC0Xuo,Happier Than Ever - Edit,Billie Eilish,70,17,0.334,0.599,C,-5.742,Major,0.0365,0.0468,161.74
spotify:track:4cktbXiXOapiLBMprHFErI,Memories,Maroon 5,2,116,0.775,0.327,B,-7.241,Major,0.0557,0.841,91.05
spotify:track:7iHHlCbsFou5DZSW5HCPfs,Ella - Remix,"Boza, Lunay, Lenny Tavárez, Juhn, Beéle",188,1,0.747,0.812,D#,-4.274,Minor,0.111,0.341,180.062
spotify:track:18vXApRmJSgQ6wG2ll9AOg,RAPSTAR,Polo G,3,40,0.789,0.536,F#,-6.862,Major,0.242,0.41,81.039
spotify:track:04S1pkp1VaIqjg8zZqknR5,Enchanted,Taylor Swift,61,10,0.535,0.618,G#,-3.913,Major,0.0273,0.0716,81.975
spotify:track:0hQNbQKW2dDATH1ngj4TI6,WA DA DA,Kep1er,191,1,0.785,0.907,A#,-2.657,Major,0.0938,0.00122,126.004
spotify:track:0cOa970mzTWAxKtltpkpLc,Miénteme,"TINI, Maria Becerra",41,35,0.85,0.541,D,-4.522,Major,0.0674,0.161,92.003
spotify:track:72g37RoelSnovZakG5MwnF,Parada Louca,"Mari Fernandez, Marcynho Sensação",107,3,0.693,0.936,G,-1.322,Major,0.0524,0.302,166.034
spotify:track:40iJIUlhi6renaREYGeIDS,Fair Trade (with Travis Scott),"Drake, Travis Scott",3,19,0.666,0.465,C#,-8.545,Major,0.26,0.0503,167.937
spotify:track:4qu63nuBpdn0qHUHuObEj1,Leave Before You Love Me (with Jonas Brothers),"Marshmello, Jonas Brothers",52,30,0.721,0.738,G,-4.77,Major,0.0403,0.00226,119.976
spotify:track:6gBFPUFcJLzWGx4lenP6h2,goosebumps,Travis Scott,13,226,0.841,0.728,G,-3.37,Major,0.0484,0.0847,130.049
spotify:track:0bBd6K5X4W7t9GyXcaVOA7,Sigue,"J Balvin, Ed Sheeran",45,1,0.889,0.641,G,-4.494,Major,0.0668,0.0515,87.99
spotify:track:3XjN0mvFkQp1FMVM9Ro5hm,RUMBATÓN,Daddy Yankee,58,1,0.685,0.909,D#,-4.034,Minor,0.0396,0.0471,95.004
spotify:track:2bdqU7C4softKNcMYDFi96,chaotic,Tate McRae,83,1,0.412,0.382,D,-7.023,Minor,0.0497,0.59,81.493
spotify:track:50eJOxJiGmJ7PBZaTKpje1,make up sex (feat. blackbear),"Machine Gun Kelly, blackbear",91,1,0.665,0.678,F,-4.122,Minor,0.0315,0.00156,131.986
spotify:track:6HJIZUOiZDE814XMhRGSZN,Soy El Unico,Yahritza Y Su Esencia,97,1,0.708,0.449,E,-4.369,Minor,0.0286,0.451,84.396
spotify:track:2oBMZYteeO8DyXV9gDx6Za,Feel My Rhythm,Red Velvet,114,1,0.412,0.94,C#,-2.171,Major,0.215,0.0648,157.964
spotify:track:0DGTcMqvVR7fmBXgiG6jz4,Just A Cloud Away,Pharrell Williams,115,2,0.89,0.46,D,-8.155,Major,0.0359,0.432,112.555
spotify:track:5UWwZ5lm5PKu6eKsHAGxOk,Everlong,Foo Fighters,164,1,0.413,0.881,B,-5.541,Minor,0.0367,5.99e-05,158.066
spotify:track:65MqlYPOWReasKWcuCaOCW,REMIX,Daddy Yankee,166,1,0.819,0.781,C#,-4.879,Major,0.0547,0.0323,100.062
spotify:track:3tBZ60j1jQ7NJm8IjelyQe,emo girl (feat. WILLOW),"Machine Gun Kelly, WILLOW",111,2,0.412,0.881,D,-3.502,Major,0.087,0.00039,165.012
spotify:track:0MMyJUC3WNnFS1lit5pTjk,"jealousy, jealousy",Olivia Rodrigo,17,29,0.695,0.575,A#,-6.334,Minor,0.116,0.198,163.929
spotify:track:272vIYVYzfAgHUQRUYWmhP,PARA SIEMPRE,"Daddy Yankee, Sech",193,1,0.794,0.828,G#,-5.883,Minor,0.0756,0.0999,90.015
spotify:track:7BqBn9nzAq8spo5e7cZ0dJ,Just the Way You Are,Bruno Mars,133,22,0.635,0.841,F,-5.379,Major,0.0422,0.0134,109.021
spotify:track:50kpGaPAhYJ3sGmk6vplg0,Love Yourself,Justin Bieber,62,50,0.609,0.378,E,-9.828,Major,0.438,0.835,100.418
spotify:track:51Zw1cKDgkad0CXv23HCMU,Daylight,Harry Styles,10,2,0.686,0.445,C,-7.189,Major,0.0398,0.484,145.5
spotify:track:3i058E8uxTsYqJ5NWZzqSj,Little Freak,Harry Styles,8,2,0.559,0.535,D#,-7.723,Major,0.039,0.719,141.96
spotify:track:06JvOZ39sK8D8SqiqfaxDU,True Love,"Kanye West, XXXTENTACION",24,1,0.712,0.861,F,-5.487,Minor,0.25,0.0182,84.042
spotify:track:4j6kId9QIqhoXvqHKgSKa0,Grapejuice,Harry Styles,11,2,0.645,0.721,F,-4.394,Major,0.0336,0.357,182.928
spotify:track:0rzaRSujxA0bKyjJl6vHYq,Satellite,Harry Styles,14,2,0.576,0.457,C,-6.473,Major,0.0304,0.143,138.984
spotify:track:2FeBslNBMdR9V58uv6hd2t,N95,Kendrick Lamar,3,3,0.79,0.67,C#,-5.527,Major,0.105,0.377,139.956
spotify:track:1mw0RgNXIpYRyyCdBQbLgA,Love Of My Life,Harry Styles,15,2,0.555,0.536,G,-8.233,Major,0.0452,0.669,118.057
spotify:track:35TyJIMR3xRouUuo2sjS6v,Cinema,Harry Styles,13,2,0.829,0.644,A,-7.696,Minor,0.0427,0.354,105.993
spotify:track:69w5X6uTrOaWM32IetSzvO,Daydreaming,Harry Styles,16,2,0.707,0.811,E,-5.298,Minor,0.0304,0.311,113.971
spotify:track:2NcQic8JxdjAlAHuNbOIRE,Keep Driving,Harry Styles,19,2,0.721,0.479,A,-9.669,Major,0.226,0.321,164.948
spotify:track:6gI9b2VsoWhjhIuIeToDVs,Die Hard,"Kendrick Lamar, Blxst, Amanda Reifer",8,3,0.775,0.736,C#,-8.072,Minor,0.247,0.319,100.988
spotify:track:6qj02zSeEJGWZ4c0dn5QzJ,Boyfriends,Harry Styles,22,2,0.417,0.202,C,-10.976,Major,0.0357,0.935,118.029
spotify:track:6hFwju6M40CKovKBPu5IpY,ACORDA PEDRINHO,Jovem Dionisio,77,2,0.876,0.359,B,-11.169,Minor,0.341,0.187,124.016
spotify:track:18HOjcvTVV7W8YzBuOsAPS,Un Verano Sin Ti,Bad Bunny,20,4,0.503,0.496,F,-9.123,Minor,0.0556,0.693,187.844
spotify:track:2NMjggapJcXXM7WccGEBUO,Enséñame a Bailar,Bad Bunny,27,4,0.81,0.789,G#,-5.08,Major,0.0846,0.191,105.009
spotify:track:6EbVuwU7EnKeF2hdpViXCH,Die Young (feat. 347aidan),"Sleepy Hallow, 347aidan",97,1,0.808,0.582,B,-6.26,Major,0.338,0.827,77.471
spotify:track:1r8ZCjfrQxoy2wVaBUbpwg,Thousand Miles,The Kid LAROI,18,6,0.376,0.657,G,-4.658,Major,0.0768,0.0858,80.565
spotify:track:0UvZcEfpzVyx47QsRbjyBz,El Apagón,Bad Bunny,28,4,0.629,0.698,G#,-4.485,Major,0.308,0.0509,117.765
spotify:track:63WuQOXohQIxOxIFA2K7bR,SUPERMODEL,Måneskin,89,3,0.636,0.876,G,-3.413,Major,0.0555,0.00164,120.983
spotify:track:0wihfILRNOwE2156Shezc8,Agosto,Bad Bunny,30,4,0.849,0.584,C#,-8.195,Minor,0.115,0.0929,115.018
spotify:track:3sa06xVNmLLYIxdNNmVQN8,Where Did You Go? (feat. MNEK),"Jax Jones, MNEK",116,7,0.763,0.782,G,-4.541,Minor,0.0346,0.182,127.034
spotify:track:6Qyc6fS4DsZjB2mRW9DsQs,Iris,The Goo Goo Dolls,124,5,0.315,0.715,B,-8.072,Minor,0.0362,0.00125,155.925
spotify:track:5oH4DQAuu1J1800RzUsBWa,That That (prod. & feat. SUGA of BTS),"PSY, SUGA",21,5,0.905,0.962,E,-3.197,Major,0.0856,0.0299,129.969
spotify:track:6kYGOFNUMxpab09L5Ukoke,Rich Spirit,Kendrick Lamar,17,3,0.852,0.421,A#,-9.153,Minor,0.208,0.428,95.977
spotify:track:0LnS7aOdOdI1dNKZqdOLz4,Dua Lipa,Jack Harlow,37,4,0.833,0.652,B,-6.942,Major,0.0762,0.00161,158.022
spotify:track:1qMMYpVatbRITKCfq1gasi,PUFFIN ON ZOOTIEZ,Future,40,5,0.883,0.657,G#,-5.748,Major,0.305,0.0603,124.992
spotify:track:2NWaWZZLFMcr5P4uI2KvWy,En El Radio Un Cochinero,Victor Cibrian,148,1,0.696,0.623,F#,-8.738,Minor,0.0438,0.466,154.028
spotify:track:30W8VKHrAZmHzObnwAoc1u,TUS LÁGRIMAS,"Mora, Sech",93,6,0.683,0.714,C#,-4.898,Major,0.252,0.181,173.963
spotify:track:3ehHqgYRzmeUi345MfHS2N,París,"Morat, Duki",130,2,0.582,0.804,B,-4.155,Major,0.0389,0.0493,138.014
spotify:track:3jjujdWJ72nww5eGnfs2E7,Adore You,Harry Styles,6,104,0.676,0.771,G#,-3.675,Major,0.0483,0.0237,99.048
spotify:track:296nXCOv97WJNRWzIBQnoj,FEARLESS,LE SSERAFIM,149,4,0.863,0.62,G,-7.167,Major,0.135,0.0508,103.971
spotify:track:6Jkm5kUldvIqxzI1Pa7nXH,10 Things I Hate About You,Leah Kate,117,6,0.544,0.786,G#,-2.97,Major,0.0501,0.00991,153.967
spotify:track:0Q5VnK2DYzRyfqQRJuUtvi,LOVE DIVE,IVE,51,8,0.703,0.709,C#,-4.169,Minor,0.0433,0.00379,117.941
spotify:track:2qmG7dokbGpDGD0T5wORWt,Balanço da Rede,"Matheus Fernandes, Xand Avião",171,2,0.764,0.796,F#,-4.611,Minor,0.033,0.193,140.072
spotify:track:75UMtPC77vqKRwfSuYuNPO,San Lucas,Kevin Kaarl,149,5,0.577,0.363,G,-12.378,Major,0.0263,0.86,91.511
spotify:track:3tYTyAt1q6BFBiGyYVOLhi,Silent Hill,"Kendrick Lamar, Kodak Black",21,3,0.907,0.577,C#,-6.737,Minor,0.0767,0.438,140.07
spotify:track:05zd5Nv0e02ZqrlC8A2cwx,United In Grief,Kendrick Lamar,11,3,0.529,0.845,G#,-8.142,Major,0.404,0.244,85.63
spotify:track:2XRn6Qu0Wd1KvOND8JbaTx,Beautiful Girl,Luciano,59,5,0.839,0.412,B,-8.816,Minor,0.0935,0.287,139.901
spotify:track:4IaxDf2FixiQXq0mW7key9,ZOOM,Jessi,89,6,0.874,0.6,F#,-6.064,Major,0.158,0.00942,100.012
spotify:track:0U1W2LZVUX7qTm7dDpqxh6,When You're Gone,Shawn Mendes,21,9,0.603,0.691,F,-5.805,Major,0.0372,0.0248,147.148
spotify:track:69xohKu8C1fsflYAiSNbwM,Run BTS,BTS,11,1,0.724,0.818,G#,-3.747,Major,0.168,0.0201,77.004
spotify:track:4JzCFEc3O2UEdjKzevvFH5,For Youth,BTS,30,1,0.633,0.511,D,-5.665,Major,0.0368,0.434,116.855
spotify:track:1IthE5GNiRzFN5CVaCa445,Born Singer,BTS,43,1,0.602,0.841,G#,-3.334,Minor,0.109,0.0354,157.937
spotify:track:3S68RFe1lsdCdTMPIMJM3X,Cash In Cash Out,"Pharrell Williams, 21 Savage, Tyler, The Creator",53,1,0.877,0.56,G,-3.751,Major,0.0596,0.00721,119.971
spotify:track:1BkY0N8ChFk2mdLbAUu8ZK,Pass The Dutchie,Musical Youth,85,2,0.805,0.418,G,-14.374,Major,0.0979,0.459,149.724
spotify:track:6kxaaIeowajN7w21PfMLbu,So Good,Halsey,95,1,0.576,0.627,D#,-4.649,Minor,0.0449,0.0385,164.998
spotify:track:6ojZtz3sZr6ynvejLOqgCj,Nos Comemos (feat. Ozuna),"Tiago PZK, Ozuna",140,2,0.827,0.819,F#,-3.701,Major,0.052,0.1,92.017
spotify:track:31tf1qEai5o5f4r66Kd0pU,Me and Your Mama,Childish Gambino,158,2,0.554,0.433,F,-12.628,Major,0.0341,0.0116,117.996
spotify:track:4RtPruLRZbyirtJGqYHPQm,Antes de Perderte,Duki,173,1,0.812,0.925,F,-3.092,Minor,0.113,0.487,110.031
spotify:track:5W7DOVGQLTigu09afW7QMT,295,Sidhu Moose Wala,141,2,0.557,0.794,B,-5.698,Minor,0.2,0.179,91.366
spotify:track:4a9tbd947vo9K8Vti9JwcI,Boy With Luv (feat. Halsey),"BTS, Halsey",3,46,0.645,0.862,B,-4.761,Minor,0.0845,0.0933,119.947
spotify:track:0rKtyWc8bvkriBthvHKY8d,SLOW DANCING IN THE DARK,Joji,75,36,0.515,0.479,D#,-7.458,Major,0.0261,0.544,88.964
spotify:track:1HvTxgCj0mTzQlEo0zLvFb,In My Head,Lil Tjay,30,1,0.684,0.545,C#,-6.885,Major,0.121,0.159,143.049
spotify:track:40w8JmvwYUP2HUiXPxjy99,Me Arrepentí,"Ak4:20, Pailita, Cris Mj",80,1,0.861,0.786,C,-4.934,Major,0.164,0.289,92.031
spotify:track:6bQ5823aHmFVKLZW8E7rRo,Si Quieren Frontear,"Duki, De La Ghetto, Quevedo",113,1,0.789,0.837,A#,-3.247,Major,0.23,0.125,81.536
spotify:track:1ZMiCix7XSAbfAJlEZWMCp,Falling,Harry Styles,29,81,0.567,0.267,E,-6.502,Major,0.0299,0.839,110.011
spotify:track:4WghJOMjDpGdlk3b8aJIgy,up at night (feat. justin bieber),"Kehlani, Justin Bieber",131,1,0.563,0.756,C,-3.852,Minor,0.0579,0.196,100.012
spotify:track:45S5WTQEGOB1VHr1Q4FuPl,Golden,Harry Styles,44,34,0.448,0.838,E,-5.257,Minor,0.0557,0.21,139.863
spotify:track:7afaZ37wJJL6880z1NRgJS,Fim de Semana no Rio,Teto,139,1,0.867,0.494,C#,-6.514,Minor,0.084,0.118,118.868
spotify:track:3TSLqZssCoCdDlMhCJ08XW,Still Life,BIGBANG,148,1,0.68,0.584,G#,-4.457,Major,0.034,0.443,118.06
spotify:track:0B7wvvmu9EISAwZnOpjhNI,When I Was Your Man,Bruno Mars,181,2,0.601,0.271,C,-8.688,Major,0.0403,0.937,145.494
spotify:track:5Ohxk2dO5COHF1krpoPigN,Sign of the Times,Harry Styles,14,39,0.516,0.595,F,-4.63,Major,0.0313,0.0275,119.972
spotify:track:3hRV0jL3vUpRrcy398teAU,The Night We Met,Lord Huron,55,29,0.544,0.369,D,-9.514,Major,0.038,0.969,87.01
spotify:track:7KA4W4McWYRpgf0fWsJZWB,See You Again (feat. Kali Uchis),"Tyler, The Creator, Kali Uchis",144,2,0.558,0.559,F#,-9.222,Major,0.0959,0.371,78.558
spotify:track:3QGxgNaqaFSpORp2OVLXHR,212,"Chefin, Mainstreet",89,1,0.789,0.519,D,-4.84,Minor,0.0697,0.659,154.037
spotify:track:1G1R0XgChe18Zr1o6tlmN6,Watercolor Eyes - From “Euphoria” An HBO Original Series,Lana Del Rey,90,1,0.444,0.26,G,-10.045,Major,0.0316,0.964,120.443
spotify:track:3xRH6FPVtheDyNla3T1FE7,Hrs & Hrs,Muni Long,119,1,0.511,0.525,G#,-4.595,Minor,0.183,0.604,139.885
spotify:track:10hMM5nsZQf66ldBlgWBfG,All For Us - from the HBO Original Series Euphoria,"Labrinth, Zendaya",108,3,0.348,0.652,D#,-7.145,Major,0.0931,0.0165,70.956
spotify:track:3M0lSi5WW79CXQamgSBIjx,Swim,Chase Atlantic,134,1,0.666,0.542,G#,-6.429,Major,0.0392,0.27,120.134
spotify:track:3oRW9ZGPRbLRMneQ5lwflt,Waiting On A Miracle,Stephanie Beatriz,155,1,0.48,0.554,C#,-8.145,Minor,0.069,0.171,190.066
spotify:track:1mSviQV9iQnGSRyvTIuxAj,Problemón,"Alvaro Diaz, Rauw Alejandro",158,1,0.706,0.739,A#,-3.753,Major,0.0586,0.266,91.906
spotify:track:186NCtNk1tUYS7c2DxgJ7O,Christmas Tree,V,100,2,0.437,0.384,F,-8.384,Major,0.042,0.699,139.009
spotify:track:7m9OqQk4RVRkw9JJdeAw96,Jocelyn Flores,XXXTENTACION,7,216,0.872,0.391,C,-9.144,Minor,0.242,0.469,134.021
spotify:track:2SJZdZ5DLtlRosJ2xHJJJa,Chance,Paulo Londra,56,1,0.721,0.463,C#,-9.483,Minor,0.0646,0.241,137.915
spotify:track:73cnVqsbZygieKi8xF10sO,psychofreak (feat. WILLOW),"Camila Cabello, WILLOW",71,1,0.629,0.64,G,-7.638,Minor,0.0752,0.342,179.989
spotify:track:6bTdZ7xfKp3NqqADJ8HLyj,Vampiro,"Matuê, WIU, Teto",82,1,0.782,0.643,G#,-4.956,Minor,0.0438,0.0136,114.994
spotify:track:6ws54n2IzyrIxxyzlG2bVJ,Right On,Lil Baby,103,1,0.535,0.618,D,-5.668,Major,0.382,0.0245,165.991
spotify:track:1jIMjbzcGCcCQn5iMu9CUc,That's Hilarious,Charlie Puth,112,1,0.714,0.442,F#,-5.909,Major,0.0605,0.742,108.039
spotify:track:4QWumyD2uwiePBBha9XBHI,No Ouvidinho,Felipe Amorim,154,1,0.885,0.834,D#,-3.374,Major,0.0394,0.403,124.018
spotify:track:2Foc5Q5nqNiosCNqttzHof,Get Lucky (feat. Pharrell Williams & Nile Rodgers) - Radio Edit,"Daft Punk, Pharrell Williams, Nile Rodgers",167,1,0.794,0.811,F#,-8.966,Minor,0.038,0.0426,116.047
spotify:track:2uky0VCI2EZni0nArOPznM,"Paulo Londra: Bzrp Music Sessions, Vol. 23","Bizarrap, Paulo Londra",19,1,0.456,0.91,C,-2.659,Major,0.136,0.256,95.927
spotify:track:2gzhQaCTeNgxpeB2TPllyY,With you,"Jimin, HA SUNG WOON",32,1,0.532,0.426,D#,-6.117,Major,0.0288,0.639,149.898
spotify:track:6Z165JvPnS8PYvGW8oLGLc,Flowers,Lauren Spencer Smith,72,2,0.684,0.449,D#,-9.738,Major,0.611,0.869,66.165
spotify:track:123hB20IVD2yw1NMIgrqb3,İmdat,cakal,97,1,0.786,0.748,E,-7.568,Minor,0.162,0.267,133.967
spotify:track:5IQvs70wHdurk63TnCV6ZP,We Made It,"t-low, Miksu / Macloud",99,1,0.782,0.711,F,-5.383,Minor,0.0558,0.585,116.049
spotify:track:2UN0lp72LAusrXi8LLVomt,2step (feat. Lil Baby),"Ed Sheeran, Lil Baby",131,1,0.693,0.643,E,-5.867,Minor,0.0828,0.138,95.055
spotify:track:1dp8aQANyTRKssDeAYPiZe,Scrape It Off (feat. Lil Uzi Vert & Don Toliver),"Pusha T, Lil Uzi Vert, Don Toliver",184,1,0.594,0.679,G,-3.702,Major,0.345,0.484,106.726
spotify:track:6fxVffaTuwjgEk5h9QyRjy,Photograph,Ed Sheeran,41,154,0.614,0.379,E,-10.48,Major,0.0476,0.607,107.989
spotify:track:6OrTKLtcF7EBayOV2QqkSK,Hold That Heat (feat. Travis Scott),"Southside, Future, Travis Scott",196,1,0.744,0.608,D,-6.386,Major,0.0442,0.0295,130.045
spotify:track:4xIhSUJantE6BMl3u8dtCJ,Father Time (feat. Sampha),"Kendrick Lamar, Sampha",14,2,0.514,0.779,A#,-4.365,Minor,0.344,0.181,152.869
spotify:track:7pj6P5WnxkZsw3XRc8eMe1,Count Me Out,Kendrick Lamar,24,2,0.776,0.431,E,-7.544,Minor,0.091,0.671,133.999
spotify:track:0YeUVm23SAkUruwEx9LWnt,Savior,"Kendrick Lamar, Baby Keem, Sam Dew",29,2,0.605,0.692,G#,-7.45,Major,0.446,0.495,124.84
spotify:track:5uU1uuyaUIBOiiUSQG7Wl3,You Proof,Morgan Wallen,91,2,0.731,0.85,A,-4.913,Major,0.0336,0.252,119.706
spotify:track:6OZwia8loN0aPS0vTvsBjR,TOUT VA BIEN (feat. Ninho & Naps),"Alonzo, Ninho, Naps",183,1,0.66,0.72,D#,-5.874,Minor,0.0753,0.301,99.937
spotify:track:2KdKh9vHbKW0tZLqtpxxI0,Honest (feat. Don Toliver),"Justin Bieber, Don Toliver",29,4,0.81,0.655,G#,-6.779,Minor,0.0698,0.127,150.002
spotify:track:0RAvy97QRPzO2AfK5Dw6j3,We Cry Together,"Kendrick Lamar, Taylour Paige",22,2,0.648,0.68,B,-7.276,Major,0.345,0.292,106.89
spotify:track:5p56JT5F9a1z9pwXnqTg7d,Worldwide Steppers,Kendrick Lamar,20,1,0.514,0.472,G#,-11.106,Minor,0.368,0.753,77.215
spotify:track:401160izncPtca3CmX3dvM,Purple Hearts,"Kendrick Lamar, Summer Walker, Ghostface Killah",27,1,0.567,0.824,D#,-6.973,Minor,0.296,0.167,138.202
spotify:track:2Az5ykbQiZtFWtACCMvWlP,Rich - Interlude,Kendrick Lamar,41,1,0.481,0.406,G,-11.52,Major,0.0775,0.864,91.589
spotify:track:7zvfDihYiJ8RQ1nRcpKBF5,Mr. Morale,"Kendrick Lamar, Tanna Leone",53,1,0.727,0.53,A,-8.616,Major,0.312,0.283,174.025
spotify:track:2IwbW2jd0Ncv99Aroe77Ru,Crown,Kendrick Lamar,54,1,0.355,0.245,C#,-13.475,Minor,0.0358,0.801,173.329
spotify:track:19Fg3WrTfo35Ji3PtfZE6J,Auntie Diaries,Kendrick Lamar,61,1,0.52,0.375,C,-13.409,Major,0.358,0.745,127.544
spotify:track:5PPUw4Xo3Hz6rl4GpBfd3c,Savior - Interlude,Kendrick Lamar,73,1,0.618,0.43,F,-9.38,Minor,0.216,0.807,117.125
spotify:track:5LOiuvbH62YGtnwe6Ltt4T,Mirror,Kendrick Lamar,76,1,0.652,0.67,D,-8.766,Major,0.0639,0.225,91.933
spotify:track:6NZOc8kO0Fxo0fLPvIdLnW,Mother I Sober (feat. Beth Gibbons of Portishead),"Kendrick Lamar, Beth Gibbons",79,1,0.492,0.369,G#,-14.861,Minor,0.329,0.87,140.012
spotify:track:2vHzOWRKYPLu8umRPIFuOq,Stefania (Kalush Orchestra),KALUSH,109,1,0.832,0.817,D,-5.182,Major,0.0422,0.145,104.985
spotify:track:5MMW4CZsZiZt2iuqAXzzWC,The Heart Part 5,Kendrick Lamar,44,2,0.7,0.812,C#,-8.128,Minor,0.297,0.183,97.405
spotify:track:3EMp20j5E42MxfFbsEsIvD,Churchill Downs (feat. Drake),"Jack Harlow, Drake",57,2,0.71,0.522,B,-9.102,Major,0.36,0.615,96.448
spotify:track:6Pif6RkFoYzLygdqktus4Q,The Foundations of Decay,My Chemical Romance,140,1,0.363,0.67,C#,-6.652,Minor,0.0552,0.000582,150.15
spotify:track:4d1CG5ei1E2vGbvmgf5KKv,This Love (Taylor’s Version),Taylor Swift,50,2,0.47,0.494,E,-8.672,Major,0.0349,0.302,144.039
spotify:track:3XREkzDHsWdBL5tybyCDBH,SloMo,Chanel,179,1,0.728,0.814,C#,-3.29,Minor,0.0571,0.125,104.962
spotify:track:3nhGk6VnrDHy67pXvMhdPa,SPACE MAN,Sam Ryder,186,1,0.467,0.828,B,-2.22,Major,0.0489,0.181,79.978
spotify:track:2HbKqm4o0w5wEeEFXm2sD4,Money Trees,"Kendrick Lamar, Jay Rock",143,8,0.716,0.531,G,-7.355,Major,0.122,0.0703,71.994
spotify:track:1ZMGp9MTXbtAPvcKa0U3zS,Brividi,"Mahmood, BLANCO",9,2,0.523,0.614,G,-4.435,Major,0.0347,0.448,122.962
spotify:track:42Xba467wgGvYrR2EE6s0i,Cigarettes,Juice WRLD,27,1,0.597,0.615,D,-6.346,Major,0.0421,0.0303,160.014
spotify:track:79nEEoEPY2w8EXj9hjn5oc,Ginseng Strip 2002,Yung Lean,44,2,0.601,0.712,C#,-9.433,Major,0.0431,0.0848,114.998
spotify:track:1PNs0uGru3TcrA94kpyGnc,Do We Have A Problem?,"Nicki Minaj, Lil Baby",48,1,0.842,0.505,C#,-8.627,Minor,0.402,0.472,119.993
spotify:track:3a94TbZOxhkI9xuNwYL53b,Black Summer,Red Hot Chili Peppers,79,1,0.417,0.682,C#,-5.071,Major,0.0295,0.0267,105.542
spotify:track:0hluyTCTSua59xYuIRqpe5,Ovunque Sarai,Irama,112,1,0.359,0.434,C,-6.068,Major,0.0305,0.582,79.133
spotify:track:11iIikXxC6NP0Ma8vMD27x,Alien Blues,Vundabar,118,4,0.467,0.757,D#,-5.093,Major,0.033,0.0807,82.282
spotify:track:6BczFLHW9aIf9aWn5NFuNL,Don't Play That,"King Von, 21 Savage",144,1,0.947,0.605,A#,-8.621,Minor,0.346,0.0748,129.988
spotify:track:3t4KHjd8uQpJJ2fa0fRIpR,High,The Chainsmokers,70,2,0.601,0.787,C,-6.178,Major,0.031,0.0492,134.981
spotify:track:0jLeyuu6mtsD384054xLah,Ciao Ciao,La rappresentante di lista,151,1,0.747,0.819,E,-4.602,Minor,0.134,0.125,117.994
spotify:track:5elW2CKSoqjYoJ32AGDxf1,Polaroid Love,ENHYPEN,158,2,0.738,0.67,G,-3.766,Minor,0.0439,0.458,138.055
spotify:track:6N22FZs2ZhPBYi3b9XPajV,Still Don't Know My Name,Labrinth,53,16,0.316,0.63,F,-5.963,Major,0.117,0.471,89.643
spotify:track:0GsZZWhBMIQXAmPYPJ3PRQ,INSUPERABILE,Rkomi,180,1,0.667,0.848,E,-5.195,Minor,0.0851,0.0344,122.035
spotify:track:5HujDMiRNqZwEzVAh3oFD3,farfalle,sangiovanni,181,1,0.733,0.784,D#,-5.211,Major,0.0606,0.0927,120.016
spotify:track:2t16D9V5FmmRAJjsSpwvZf,When I R.I.P.,Labrinth,192,1,0.417,0.551,G#,-6.456,Minor,0.174,0.73,87.614
spotify:track:2QWEMqQMJR1KDf6hDjJOs6,Arson,j-hope,37,1,0.938,0.798,C#,-3.998,Major,0.103,0.00813,99.992
spotify:track:7GARzfC1mwhDuk4t9WOACq,MORE,j-hope,22,3,0.783,0.722,D,-4.864,Major,0.0357,0.00537,97.031
spotify:track:3ujiq7yK4Uan5z4876fHLK,Layla,"DJ Robin, Schürze",61,3,0.442,0.922,F,-2.918,Minor,0.0695,0.00134,140.082
spotify:track:5lfWrciYtohtIMVDVZd0Rf,"Stay With Me (with Justin Timberlake, Halsey, & Pharrell)","Calvin Harris, Justin Timberlake, Halsey, Pharrell Williams",86,1,0.81,0.733,A,-6.338,Major,0.0444,0.276,125.975
spotify:track:4rmVZajAF7PkrCagGPHbqa,Sticky,Drake,17,5,0.853,0.495,F#,-14.63,Major,0.14,0.0917,137.027
spotify:track:13Irp51zj01BZu2XtDrnAg,2 Be Loved (Am I Ready),Lizzo,167,1,0.721,0.769,G,-4.111,Major,0.105,0.0922,155.932
spotify:track:0i4UV3HjjvsUuV3BajEXoD,Baile no Morro,"MC Tairon, Mc Vitin Da Igrejinha, Dj Win",154,3,0.714,0.404,D#,-7.903,Minor,0.453,0.457,130.088
spotify:track:5PZAbR6JHYYV9xp5gv0XES,Bandido,"Zé Felipe, MC Mari",125,4,0.882,0.721,B,-2.851,Minor,0.0512,0.0958,120.018
spotify:track:737gzPI5VAmgUGWiJ9yXuu,"1, 2, 3 (feat. Jason Derulo & De La Ghetto)","Sofía Reyes, Jason Derulo, De La Ghetto",31,36,0.792,0.895,C#,-3.112,Minor,0.0587,0.165,94.968
spotify:track:3gUzi41YOt3VExeyHSLsMj,s!r! (feat. Lazza & Sfera Ebbasta),"thasup, Lazza, Sfera Ebbasta",185,1,0.675,0.739,F#,-4.603,Minor,0.0524,0.387,149.959
spotify:track:3AbNNvo2OmyeDMvRBgf9vk,La Loto,"TINI, Becky G, Anitta",157,2,0.855,0.83,C#,-2.815,Major,0.106,0.0783,90.009
spotify:track:21szgNA72iLwvBxHQLgwBh,die first,Nessa Barrett,194,1,0.444,0.669,G#,-6.727,Minor,0.125,0.0669,183.441
spotify:track:7CAdT0HdiQNlt1C7xk2hep,Stay Alive (Prod. SUGA of BTS),Jung Kook,10,1,0.512,0.76,D,-5.889,Minor,0.0682,0.299,130.096
spotify:track:6N1K5OVVCopBjGViHs2IvP,The Joker And The Queen (feat. Taylor Swift),"Ed Sheeran, Taylor Swift",20,1,0.528,0.309,C,-7.398,Major,0.0329,0.924,133.83
spotify:track:4huBDGP4I3S0pYI0EaRN1c,City of Gods,"Fivio Foreign, Kanye West, Alicia Keys",57,1,0.474,0.801,G#,-5.978,Minor,0.375,0.102,147.356
spotify:track:4LwU4Vp6od3Sb08CsP99GC,The Next Episode,"Dr. Dre, Snoop Dogg",86,1,0.922,0.909,A#,-2.429,Minor,0.27,0.0281,95.295
spotify:track:7lcI4X8RZxK4zIknJcwpBq,Bussin,"Nicki Minaj, Lil Baby",122,1,0.893,0.699,B,-8.059,Major,0.0517,0.0576,139.972
spotify:track:7KXjTSCq5nL1LoYtL7XAwS,HUMBLE.,Kendrick Lamar,1,96,0.908,0.621,C#,-6.638,Minor,0.102,0.000282,150.011
spotify:track:6potEImiklXkwD9qFzpu15,Forever,Labrinth,185,1,0.563,0.459,E,-7.781,Minor,0.0292,0.92,79.983
spotify:track:70pwY1UfPmSVE3ybPjFy0p,Worst Day,Future,192,1,0.646,0.597,C#,-6.045,Major,0.401,0.11,88.506
spotify:track:0fv2KH6hac06J86hBUTcSf,NEW MAGIC WAND,"Tyler, The Creator",54,3,0.621,0.73,F,-5.414,Minor,0.107,0.0967,139.566
spotify:track:35wvL50xvKpCHEJPxLOLPI,Si Estuviésemos Juntos,Bad Bunny,197,1,0.672,0.594,C#,-6.813,Minor,0.0789,0.0626,171.854
spotify:track:35COLcFjvONwVv6jkG23gI,Boys Don't Cry,Anitta,107,1,0.589,0.842,F,-4.86,Major,0.0372,0.00178,164.163
spotify:track:6MOst484piqXpzPPRRe8i5,vice city,XXXTENTACION,181,1,0.853,0.467,A,-6.843,Minor,0.195,0.00596,87.023
spotify:track:0KCSJzsQVxkloxoT7dyrqV,The Rumbling (TV Size),SiM,192,1,0.408,0.875,G#,-1.536,Major,0.0546,1.68e-05,144.975
spotify:track:1Ov37jtRQ2YNAe8HzfczkL,Wildest Dreams (Taylor's Version),Taylor Swift,29,11,0.583,0.67,G#,-7.289,Major,0.0646,0.0374,140.061
spotify:track:6NHpyYvJyQsg2nXXzGYc2R,Thought You Should Know,Morgan Wallen,123,1,0.529,0.695,F#,-6.174,Major,0.0278,0.488,139.993
spotify:track:6wyhUr4Xw8z5uSy0AhoZfU,I'M ON ONE (feat. Drake),"Future, Drake",48,2,0.773,0.707,B,-5.71,Major,0.0568,0.0103,76.977
spotify:track:7IBLt4Qarf4JDLxIQDv2O5,D.M.B.,A$AP Rocky,159,1,0.727,0.616,G#,-8.487,Major,0.338,0.542,140.014
spotify:track:7Bot6AB2dsvZEyqzUL8AUH,I'd Do Anything To Make You Smile,Jack Harlow,187,1,0.832,0.522,D,-7.244,Major,0.05,0.012,150.044
spotify:track:3FSwpQ9dBZBeBV6UdYHI2R,712PM,Future,61,1,0.711,0.686,F,-6.409,Minor,0.271,0.0355,146.971
spotify:track:7rWCWzPRftzZTZtIyQtaDU,KEEP IT BURNIN (feat. Kanye West),"Future, Kanye West",85,1,0.652,0.578,C,-6.187,Major,0.161,0.00861,87.395
spotify:track:0AAVJIN4plafvmNKqRCltG,I'M DAT N****,Future,86,1,0.911,0.573,D,-5.573,Major,0.163,0.0112,144.026
spotify:track:4XJRpBOG0bU3Nxnvam3FnC,LOVE YOU BETTER,Future,131,1,0.709,0.357,F,-9.289,Major,0.214,0.478,75.494
spotify:track:7HCX1Ch3mklJyEdpwPZBFW,FOR A NUT (feat. Gunna & Young Thug),"Future, Gunna, Young Thug",139,1,0.824,0.667,A#,-6.603,Minor,0.0814,0.00321,82.037
spotify:track:2tzgSUZOUKopYbRqQOVT8X,MASSAGING ME,Future,180,1,0.916,0.453,C#,-4.148,Major,0.158,0.000189,145.007
spotify:track:1Ijpng3ZLhTRcEd8iqh4p4,GOLD STACKS,Future,190,1,0.763,0.526,F,-6.753,Minor,0.355,0.00937,181.856
spotify:track:5bLGQqcpsz5ISWeihZfJnR,Are You Entertained (feat. Ed Sheeran),"Russ, Ed Sheeran",60,1,0.587,0.61,A#,-6.881,Minor,0.234,0.0402,130.063
spotify:track:0N9C80kcgL0xXGduKnYKWi,Love Lost,"Mac Miller, The Temper Trap",175,1,0.735,0.812,D,-4.417,Major,0.151,0.528,109.835
spotify:track:4xxeEWGQNFQ6qehlnev5LS,Te Amo Demais,Marília Mendonça,177,1,0.713,0.625,C,-3.473,Major,0.0268,0.573,114.023
spotify:track:3uJFmluXzYedoJcvhpC1AW,Hot Shit (feat. Ye & Lil Durk),"Cardi B, Kanye West, Lil Durk",54,2,0.878,0.685,A,-5.28,Major,0.225,0.00152,157.003
spotify:track:00imgaPlYRrMGn9o83hfmk,LOOSE CHANGE,Brent Faiyaz,178,1,0.574,0.369,C#,-8.931,Minor,0.0814,0.753,84.975
spotify:track:3XgGQ1wjo5khvq2UImjyNF,ALL MINE,Brent Faiyaz,188,1,0.617,0.378,A,-8.54,Major,0.0315,0.428,141.967
spotify:track:5QvW5lK6mkfTegpAK9JOO7,Paris to Tokyo,"Fivio Foreign, The Kid LAROI",198,1,0.642,0.787,F,-6.389,Minor,0.17,0.0185,146.733
spotify:track:3Z7CaxQkqbIs1rewKi6v4W,Hot In It,"Tiësto, Charli XCX",150,1,0.748,0.841,G,-5.08,Major,0.177,0.00445,123.045
spotify:track:7sA2SKTo1QbTSSYn5YvJC4,Sharks,Imagine Dragons,111,2,0.927,0.642,A#,-4.466,Minor,0.0657,0.00791,123.969
spotify:track:6Kfoo60npYPdvNxMPMiDpX,Wrapped Around Your Finger,Post Malone,69,1,0.744,0.628,D,-5.435,Major,0.0287,0.0493,119.966
spotify:track:1NvpO1o8SpkdH3txtJQQc7,Lemon Tree,Post Malone,71,1,0.611,0.584,B,-6.897,Minor,0.0301,0.083,116.106
spotify:track:67dU06KGaJHLLlo5Y5bkD2,Reputation,Post Malone,74,1,0.314,0.439,D,-5.726,Major,0.0311,0.671,180.119
spotify:track:2OcSE0EXzgUuqkM1NIJPHJ,Wasting Angels (with The Kid LAROI),"Post Malone, The Kid LAROI",75,1,0.583,0.43,A,-7.748,Major,0.0353,0.801,84.967
spotify:track:4IxeKzzxUSEgivgtbSbyIK,I Cannot Be (A Sadder Song) (with Gunna),"Post Malone, Gunna",86,1,0.517,0.668,C#,-6.012,Major,0.116,0.0712,79.782
spotify:track:2meHtZ7N97pJfvTL4hYtfv,Insane,Post Malone,97,1,0.645,0.671,A#,-7.208,Minor,0.0459,0.0597,82.546
spotify:track:6R9c642Hs3tOdLowjYaWt2,Love/Hate Letter To Alcohol (with Fleet Foxes),"Post Malone, Fleet Foxes",115,1,0.475,0.569,E,-7.073,Minor,0.0343,0.037,108.007
spotify:track:1oc92BMKYkNxK17C2GtyRM,Distraction,Polo G,121,1,0.713,0.689,B,-5.99,Major,0.255,0.16,156.934
spotify:track:5Ja2u1FPlVxrxeMWEa2dcn,When I’m Alone,Post Malone,177,1,0.485,0.656,A#,-6.121,Minor,0.0528,0.0346,140.107
spotify:track:7JyFwJC3uRpiNfq7oKafgn,Euthanasia,Post Malone,191,1,0.301,0.303,E,-12.39,Major,0.0458,0.177,141.997
spotify:track:4C6Uex2ILwJi9sZXRdmqXp,Super Freaky Girl,Nicki Minaj,16,1,0.95,0.891,D,-2.653,Major,0.241,0.0645,133.01
spotify:track:6i1g5ZRmJZAkDwBaUZ3f2i,Caile,Luar La L,75,1,0.704,0.756,C,-4.948,Major,0.448,0.298,121.737
spotify:track:79HZAZNnOE97rb2hnI0XQr,LOKERA,"Rauw Alejandro, Lyanno, Brray",95,1,0.834,0.828,B,-2.657,Minor,0.0452,0.21,102.019
spotify:track:2HZLXBOnaSRhXStMLrq9fD,Mary On A Cross,Ghost,135,1,0.466,0.9,B,-4.469,Major,0.0447,0.000235,130.02
spotify:track:2pIUpMhHL6L9Z5lnKxJJr9,Attention,NewJeans,137,1,0.811,0.648,A#,-3.684,Minor,0.0368,0.236,104.988
spotify:track:6qyS9qBy0mEk3qYaH8mPss,Murder In My Mind,Kordhell,163,1,0.712,0.972,A#,-0.514,Major,0.112,0.00547,119.966
spotify:track:0a4MMyCrzT0En247IhqZbD,Hype Boy,NewJeans,171,1,0.593,0.935,E,-3.43,Minor,0.225,0.268,99.976
spotify:track:5kpxVMDvYGRmNqawPqDTYR,JGL,"La Adictiva Banda San José de Mesillas, Luis R Conriquez",173,1,0.702,0.586,G#,-5.317,Major,0.118,0.55,112.852
spotify:track:7DbdUf8aHSYoliSjO6LZv6,"Sex, Drugs, Etc.",Beach Weather,175,1,0.572,0.839,E,-5.083,Minor,0.0377,0.013,143.969
spotify:track:4UyVCLbNG8yhrqbzeSmdho,DON'T YOU WORRY,"Black Eyed Peas, Shakira, David Guetta",189,1,0.816,0.874,B,-4.822,Major,0.0308,0.201,131.967
spotify:track:6tTeRmhhuwDl5Y4UiJdHuO,attention,"Omah Lay, Justin Bieber",104,1,0.817,0.72,F,-8.134,Minor,0.0809,0.172,119.989
spotify:track:374EllG6WyKdKvklfanNZT,ay! (feat. Lil Wayne),"Machine Gun Kelly, Lil Wayne",114,1,0.741,0.616,D,-6.686,Major,0.034,0.052,147.008
spotify:track:7JIIY2oDPFkURYMCLJuzhe,"Elliot's Song - From ""Euphoria"" An HBO Original Series","Dominic Fike, Zendaya",130,1,0.394,0.327,E,-14.291,Major,0.114,0.849,93.358
spotify:track:1W1N3usYjgI3XGQA0iX9Vq,Sehnsucht,"Miksu / Macloud, t-low",200,1,0.804,0.645,F#,-7.069,Minor,0.0773,0.642,142.09
spotify:track:5zyZM1EiSqrniyqtprwxpv,Falling Back,Drake,10,1,0.718,0.758,A#,-8.29,Major,0.0703,0.238,118.989
spotify:track:7a5fliY9SsZENrQWQBZron,Texts Go Green,Drake,25,1,0.765,0.627,C,-4.607,Major,0.0622,0.000916,118.997
spotify:track:0nAZGkBGKQCXyaoSJfRhC1,A Keeper,Drake,28,1,0.6,0.482,C#,-11.596,Major,0.0701,0.512,121.909
spotify:track:7sT7kZEYd1MrmzLLIRVZas,Calling My Name,Drake,30,1,0.826,0.276,B,-11.227,Minor,0.266,0.62,123.985
spotify:track:7IaeavdRzXYQWfu2Wt5GlU,Currents,Drake,38,1,0.883,0.283,C,-12.653,Major,0.113,0.104,122.013
spotify:track:23Z3bbYcl1PdcPJemLa4zc,Flight's Booked,Drake,49,1,0.593,0.41,D#,-13.097,Minor,0.0531,0.886,122.584
spotify:track:5lVmzrKaqPpPYtF7udoiNq,Intro,Drake,61,1,0.193,0.0218,C,-31.16,Minor,0.0389,0.955,125.501
spotify:track:1MJHXJ8bdoynpEtCLCbkWf,Overdrive,Drake,68,1,0.502,0.645,D,-10.611,Minor,0.122,0.444,109.739
spotify:track:5KW4KhJIAbVVSH6pJ4GPkb,Tie That Binds,Drake,87,1,0.775,0.688,E,-10.912,Minor,0.0593,0.0176,120.017
spotify:track:0PKpNkxX3FkcfgxCQUXXds,Down Hill,Drake,89,1,0.718,0.319,D#,-11.261,Major,0.0435,0.965,109.994
spotify:track:2vy9Ry1TNjCD85TiCbTz0r,Liability,Drake,96,1,0.557,0.706,C,-6.592,Major,0.0649,0.268,105.013
spotify:track:28n8z9IQKyjMPxmvYMBqZa,The Kind of Love We Make,Luke Combs,194,1,0.608,0.745,C#,-4.13,Major,0.0277,0.0226,102.025
spotify:track:0qYW2jULeN9giEty0ee9Fy,Botadinha Saliente,MC Rogerinho,105,1,0.985,0.698,C,-2.531,Major,0.0341,0.142,119.959
spotify:track:1M5OUvKG03C0QtzvxRS4Zk,Depende,"Dj Guuga, Wesley Safadão, Zé Felipe",129,1,0.886,0.909,D,-1.84,Minor,0.0642,0.125,130.027
spotify:track:3ITkrUvAA6gzxer2UIom3P,Molhando o Volante,Jorge & Mateus,186,2,0.772,0.647,A#,-5.404,Major,0.0758,0.707,130.183
spotify:track:7BKLCZ1jbUBVqRi2FVlTVw,Closer,"The Chainsmokers, Halsey",2,179,0.748,0.524,G#,-5.599,Major,0.0338,0.414,95.01
spotify:track:3XYRV7ZSHqIRDG87DKTtry,Permission to Dance,BTS,5,26,0.702,0.741,A,-5.33,Major,0.0427,0.00544,124.925
spotify:track:6krYS8KtmNAYyb5uTZiYW4,Dawn FM,The Weeknd,27,1,0.28,0.478,A,-8.755,Minor,0.037,0.674,111.65
spotify:track:5XbA7TAqsD0fj0dGBrbb0D,I Heard You’re Married (feat. Lil Wayne),"The Weeknd, Lil Wayne",28,1,0.736,0.848,A,-5.494,Minor,0.171,0.103,109.946
spotify:track:6zzdyvVWjGrQBraSvuqJPY,Starry Eyes,The Weeknd,35,1,0.309,0.418,A,-8.622,Minor,0.031,0.465,134.23
spotify:track:759ndr57jb0URg4j9YSWml,A Tale By Quincy,The Weeknd,54,1,0.447,0.513,F,-8.67,Minor,0.127,0.679,67.289
spotify:track:6a4GH1gljLL7VvmO9u5O92,Don’t Break My Heart,The Weeknd,55,1,0.767,0.618,A#,-7.163,Major,0.032,0.31,121.959
spotify:track:3vJcz8exedHCjQ9ed95NqU,Every Angel is Terrifying,The Weeknd,62,1,0.447,0.959,C,-5.59,Major,0.348,0.109,118.167
spotify:track:1NlK2NtpuUazpziLhnJwEV,Phantom Regret by Jim,The Weeknd,92,1,0.394,0.519,A,-11.042,Minor,0.0465,0.75,110.113
spotify:track:3XLbDUB5BX2WqL2qoAsvtb,thought i was playing,"Gunna, 21 Savage",94,1,0.679,0.73,C#,-7.483,Major,0.0689,0.00421,148.038
spotify:track:6gPPoRYJwCsoB2VVdPJfmo,Miserable Man,David Kushner,135,1,0.632,0.349,A#,-10.289,Major,0.0346,0.926,109.981
spotify:track:0boodYr1uIpSVmGSP65Fmk,25k jacket (feat. Lil Baby),"Gunna, Lil Baby",141,1,0.903,0.537,F,-6.854,Minor,0.283,0.16,115.013
spotify:track:2iCDO8ePNuCvMiMFc0FQdA,alotta cake,Gunna,146,1,0.895,0.543,B,-6.766,Minor,0.298,0.181,120.078
spotify:track:2ZGEjmwyeZ3rpEezkZwqOP,mop (feat. Young Thug),"Gunna, Young Thug",160,1,0.878,0.575,A,-8.732,Major,0.284,0.00293,144.918
spotify:track:6M3PsepEj5gyJoIi7Xvr7u,Take My Breath - Single Version,The Weeknd,7,21,0.747,0.739,G#,-6.008,Major,0.0487,0.0106,120.996
spotify:track:0lJE8f0lx8mUSfMyxeYpiC,Bar,"TINI, L-Gante",99,9,0.523,0.691,C#,-3.802,Major,0.0833,0.133,94.148
spotify:track:0So2sgVa8aJiARPl2P29u2,Pope Is a Rockstar,SALES,108,5,0.725,0.446,E,-8.958,Minor,0.0287,0.85,90.024
spotify:track:1TUuhV75FeOF6UObRsABo2,Don't Think Jesus,Morgan Wallen,96,1,0.578,0.431,D,-7.034,Major,0.0269,0.469,116.979
spotify:track:3GbQcjKWT7eVpUfzqwUjxv,Late To Da Party (F*CK BET) (feat. YoungBoy Never Broke Again),"Lil Nas X, YoungBoy Never Broke Again",86,1,0.872,0.422,C#,-7.415,Minor,0.363,0.0254,149.956
spotify:track:7My9ca9QEIR8MvIOdIrTWA,From The D 2 The LBC (with Snoop Dogg),"Eminem, Snoop Dogg",135,1,0.73,0.785,A,-7.986,Minor,0.243,0.105,82.037
spotify:track:4axSuOg3BqsowKjRpj59RU,Carolina - From The Motion Picture “Where The Crawdads Sing”,Taylor Swift,152,1,0.476,0.189,B,-13.777,Minor,0.0329,0.904,115.851
